unique_id,date,demand
Demand Amoxicillin Fürth,2020-01-01,75
Demand Amoxicillin Fürth,2020-01-02,44
Demand Amoxicillin Fürth,2020-01-03,35
Demand Amoxicillin Fürth,2020-01-04,68
Demand Amoxicillin Fürth,2020-01-05,64
Demand Amoxicillin Fürth,2020-01-06,62
Demand Amoxicillin Fürth,2020-01-07,56
Demand Amoxicillin Fürth,2020-01-08,59
Demand Amoxicillin Fürth,2020-01-09,35
Demand Amoxicillin Fürth,2020-01-10,30
Demand Amoxicillin Fürth,2020-01-11,56
Demand Amoxicillin Fürth,2020-01-12,59
Demand Amoxicillin Fürth,2020-01-13,69
Demand Amoxicillin Fürth,2020-01-14,42
Demand Amoxicillin Fürth,2020-01-15,40
Demand Amoxicillin Fürth,2020-01-16,59
Demand Amoxicillin Fürth,2020-01-17,39
Demand Amoxicillin Fürth,2020-01-18,66
Demand Amoxicillin Fürth,2020-01-19,63
Demand Amoxicillin Fürth,2020-01-20,48
Demand Amoxicillin Fürth,2020-01-21,64
Demand Amoxicillin Fürth,2020-01-22,64
Demand Amoxicillin Fürth,2020-01-23,31
Demand Amoxicillin Fürth,2020-01-24,72
Demand Amoxicillin Fürth,2020-01-25,52
Demand Amoxicillin Fürth,2020-01-26,68
Demand Amoxicillin Fürth,2020-01-27,45
Demand Amoxicillin Fürth,2020-01-28,77
Demand Amoxicillin Fürth,2020-01-29,49
Demand Amoxicillin Fürth,2020-01-30,28
Demand Amoxicillin Fürth,2020-01-31,77
Demand Amoxicillin Fürth,2020-02-01,33
Demand Amoxicillin Fürth,2020-02-02,45
Demand Amoxicillin Fürth,2020-02-03,66
Demand Amoxicillin Fürth,2020-02-04,67
Demand Amoxicillin Fürth,2020-02-05,49
Demand Amoxicillin Fürth,2020-02-06,52
Demand Amoxicillin Fürth,2020-02-07,43
Demand Amoxicillin Fürth,2020-02-08,36
Demand Amoxicillin Fürth,2020-02-09,38
Demand Amoxicillin Fürth,2020-02-10,65
Demand Amoxicillin Fürth,2020-02-11,69
Demand Amoxicillin Fürth,2020-02-12,71
Demand Amoxicillin Fürth,2020-02-13,71
Demand Amoxicillin Fürth,2020-02-14,33
Demand Amoxicillin Fürth,2020-02-15,55
Demand Amoxicillin Fürth,2020-02-16,31
Demand Amoxicillin Fürth,2020-02-17,58
Demand Amoxicillin Fürth,2020-02-18,52
Demand Amoxicillin Fürth,2020-02-19,76
Demand Amoxicillin Fürth,2020-02-20,47
Demand Amoxicillin Fürth,2020-02-21,34
Demand Amoxicillin Fürth,2020-02-22,35
Demand Amoxicillin Fürth,2020-02-23,69
Demand Amoxicillin Fürth,2020-02-24,57
Demand Amoxicillin Fürth,2020-02-25,30
Demand Amoxicillin Fürth,2020-02-26,30
Demand Amoxicillin Fürth,2020-02-27,61
Demand Amoxicillin Fürth,2020-02-28,29
Demand Amoxicillin Fürth,2020-02-29,67
Demand Amoxicillin Fürth,2020-03-01,61
Demand Amoxicillin Fürth,2020-03-02,29
Demand Amoxicillin Fürth,2020-03-03,29
Demand Amoxicillin Fürth,2020-03-04,74
Demand Amoxicillin Fürth,2020-03-05,43
Demand Amoxicillin Fürth,2020-03-06,43
Demand Amoxicillin Fürth,2020-03-07,65
Demand Amoxicillin Fürth,2020-03-08,72
Demand Amoxicillin Fürth,2020-03-09,65
Demand Amoxicillin Fürth,2020-03-10,55
Demand Amoxicillin Fürth,2020-03-11,38
Demand Amoxicillin Fürth,2020-03-12,25
Demand Amoxicillin Fürth,2020-03-13,56
Demand Amoxicillin Fürth,2020-03-14,46
Demand Amoxicillin Fürth,2020-03-15,40
Demand Amoxicillin Fürth,2020-03-16,79
Demand Amoxicillin Fürth,2020-03-17,35
Demand Amoxicillin Fürth,2020-03-18,56
Demand Amoxicillin Fürth,2020-03-19,29
Demand Amoxicillin Fürth,2020-03-20,55
Demand Amoxicillin Fürth,2020-03-21,31
Demand Amoxicillin Fürth,2020-03-22,35
Demand Amoxicillin Fürth,2020-03-23,28
Demand Amoxicillin Fürth,2020-03-24,53
Demand Amoxicillin Fürth,2020-03-25,57
Demand Amoxicillin Fürth,2020-03-26,50
Demand Amoxicillin Fürth,2020-03-27,67
Demand Amoxicillin Fürth,2020-03-28,40
Demand Amoxicillin Fürth,2020-03-29,36
Demand Amoxicillin Fürth,2020-03-30,50
Demand Amoxicillin Fürth,2020-03-31,26
Demand Amoxicillin Fürth,2020-04-01,53
Demand Amoxicillin Fürth,2020-04-02,19
Demand Amoxicillin Fürth,2020-04-03,53
Demand Amoxicillin Fürth,2020-04-04,20
Demand Amoxicillin Fürth,2020-04-05,50
Demand Amoxicillin Fürth,2020-04-06,36
Demand Amoxicillin Fürth,2020-04-07,52
Demand Amoxicillin Fürth,2020-04-08,20
Demand Amoxicillin Fürth,2020-04-09,36
Demand Amoxicillin Fürth,2020-04-10,51
Demand Amoxicillin Fürth,2020-04-11,35
Demand Amoxicillin Fürth,2020-04-12,39
Demand Amoxicillin Fürth,2020-04-13,49
Demand Amoxicillin Fürth,2020-04-14,39
Demand Amoxicillin Fürth,2020-04-15,46
Demand Amoxicillin Fürth,2020-04-16,45
Demand Amoxicillin Fürth,2020-04-17,58
Demand Amoxicillin Fürth,2020-04-18,22
Demand Amoxicillin Fürth,2020-04-19,32
Demand Amoxicillin Fürth,2020-04-20,54
Demand Amoxicillin Fürth,2020-04-21,52
Demand Amoxicillin Fürth,2020-04-22,36
Demand Amoxicillin Fürth,2020-04-23,42
Demand Amoxicillin Fürth,2020-04-24,29
Demand Amoxicillin Fürth,2020-04-25,26
Demand Amoxicillin Fürth,2020-04-26,36
Demand Amoxicillin Fürth,2020-04-27,33
Demand Amoxicillin Fürth,2020-04-28,42
Demand Amoxicillin Fürth,2020-04-29,23
Demand Amoxicillin Fürth,2020-04-30,58
Demand Amoxicillin Fürth,2020-05-01,58
Demand Amoxicillin Fürth,2020-05-02,47
Demand Amoxicillin Fürth,2020-05-03,41
Demand Amoxicillin Fürth,2020-05-04,26
Demand Amoxicillin Fürth,2020-05-05,43
Demand Amoxicillin Fürth,2020-05-06,39
Demand Amoxicillin Fürth,2020-05-07,22
Demand Amoxicillin Fürth,2020-05-08,46
Demand Amoxicillin Fürth,2020-05-09,43
Demand Amoxicillin Fürth,2020-05-10,47
Demand Amoxicillin Fürth,2020-05-11,43
Demand Amoxicillin Fürth,2020-05-12,39
Demand Amoxicillin Fürth,2020-05-13,32
Demand Amoxicillin Fürth,2020-05-14,50
Demand Amoxicillin Fürth,2020-05-15,48
Demand Amoxicillin Fürth,2020-05-16,19
Demand Amoxicillin Fürth,2020-05-17,18
Demand Amoxicillin Fürth,2020-05-18,36
Demand Amoxicillin Fürth,2020-05-19,53
Demand Amoxicillin Fürth,2020-05-20,60
Demand Amoxicillin Fürth,2020-05-21,26
Demand Amoxicillin Fürth,2020-05-22,44
Demand Amoxicillin Fürth,2020-05-23,36
Demand Amoxicillin Fürth,2020-05-24,60
Demand Amoxicillin Fürth,2020-05-25,50
Demand Amoxicillin Fürth,2020-05-26,49
Demand Amoxicillin Fürth,2020-05-27,36
Demand Amoxicillin Fürth,2020-05-28,34
Demand Amoxicillin Fürth,2020-05-29,29
Demand Amoxicillin Fürth,2020-05-30,21
Demand Amoxicillin Fürth,2020-05-31,50
Demand Amoxicillin Fürth,2020-06-01,38
Demand Amoxicillin Fürth,2020-06-02,43
Demand Amoxicillin Fürth,2020-06-03,43
Demand Amoxicillin Fürth,2020-06-04,30
Demand Amoxicillin Fürth,2020-06-05,37
Demand Amoxicillin Fürth,2020-06-06,42
Demand Amoxicillin Fürth,2020-06-07,39
Demand Amoxicillin Fürth,2020-06-08,26
Demand Amoxicillin Fürth,2020-06-09,32
Demand Amoxicillin Fürth,2020-06-10,22
Demand Amoxicillin Fürth,2020-06-11,50
Demand Amoxicillin Fürth,2020-06-12,38
Demand Amoxicillin Fürth,2020-06-13,25
Demand Amoxicillin Fürth,2020-06-14,40
Demand Amoxicillin Fürth,2020-06-15,40
Demand Amoxicillin Fürth,2020-06-16,31
Demand Amoxicillin Fürth,2020-06-17,22
Demand Amoxicillin Fürth,2020-06-18,42
Demand Amoxicillin Fürth,2020-06-19,36
Demand Amoxicillin Fürth,2020-06-20,45
Demand Amoxicillin Fürth,2020-06-21,36
Demand Amoxicillin Fürth,2020-06-22,52
Demand Amoxicillin Fürth,2020-06-23,41
Demand Amoxicillin Fürth,2020-06-24,41
Demand Amoxicillin Fürth,2020-06-25,53
Demand Amoxicillin Fürth,2020-06-26,35
Demand Amoxicillin Fürth,2020-06-27,25
Demand Amoxicillin Fürth,2020-06-28,20
Demand Amoxicillin Fürth,2020-06-29,47
Demand Amoxicillin Fürth,2020-06-30,42
Demand Amoxicillin Fürth,2020-07-01,45
Demand Amoxicillin Fürth,2020-07-02,27
Demand Amoxicillin Fürth,2020-07-03,24
Demand Amoxicillin Fürth,2020-07-04,19
Demand Amoxicillin Fürth,2020-07-05,32
Demand Amoxicillin Fürth,2020-07-06,39
Demand Amoxicillin Fürth,2020-07-07,32
Demand Amoxicillin Fürth,2020-07-08,33
Demand Amoxicillin Fürth,2020-07-09,50
Demand Amoxicillin Fürth,2020-07-10,30
Demand Amoxicillin Fürth,2020-07-11,36
Demand Amoxicillin Fürth,2020-07-12,45
Demand Amoxicillin Fürth,2020-07-13,27
Demand Amoxicillin Fürth,2020-07-14,34
Demand Amoxicillin Fürth,2020-07-15,42
Demand Amoxicillin Fürth,2020-07-16,44
Demand Amoxicillin Fürth,2020-07-17,20
Demand Amoxicillin Fürth,2020-07-18,44
Demand Amoxicillin Fürth,2020-07-19,30
Demand Amoxicillin Fürth,2020-07-20,28
Demand Amoxicillin Fürth,2020-07-21,35
Demand Amoxicillin Fürth,2020-07-22,54
Demand Amoxicillin Fürth,2020-07-23,36
Demand Amoxicillin Fürth,2020-07-24,30
Demand Amoxicillin Fürth,2020-07-25,41
Demand Amoxicillin Fürth,2020-07-26,27
Demand Amoxicillin Fürth,2020-07-27,29
Demand Amoxicillin Fürth,2020-07-28,31
Demand Amoxicillin Fürth,2020-07-29,31
Demand Amoxicillin Fürth,2020-07-30,32
Demand Amoxicillin Fürth,2020-07-31,32
Demand Amoxicillin Fürth,2020-08-01,57
Demand Amoxicillin Fürth,2020-08-02,34
Demand Amoxicillin Fürth,2020-08-03,42
Demand Amoxicillin Fürth,2020-08-04,69
Demand Amoxicillin Fürth,2020-08-05,48
Demand Amoxicillin Fürth,2020-08-06,58
Demand Amoxicillin Fürth,2020-08-07,33
Demand Amoxicillin Fürth,2020-08-08,34
Demand Amoxicillin Fürth,2020-08-09,27
Demand Amoxicillin Fürth,2020-08-10,37
Demand Amoxicillin Fürth,2020-08-11,43
Demand Amoxicillin Fürth,2020-08-12,38
Demand Amoxicillin Fürth,2020-08-13,33
Demand Amoxicillin Fürth,2020-08-14,35
Demand Amoxicillin Fürth,2020-08-15,54
Demand Amoxicillin Fürth,2020-08-16,39
Demand Amoxicillin Fürth,2020-08-17,34
Demand Amoxicillin Fürth,2020-08-18,39
Demand Amoxicillin Fürth,2020-08-19,46
Demand Amoxicillin Fürth,2020-08-20,21
Demand Amoxicillin Fürth,2020-08-21,51
Demand Amoxicillin Fürth,2020-08-22,44
Demand Amoxicillin Fürth,2020-08-23,23
Demand Amoxicillin Fürth,2020-08-24,58
Demand Amoxicillin Fürth,2020-08-25,60
Demand Amoxicillin Fürth,2020-08-26,24
Demand Amoxicillin Fürth,2020-08-27,33
Demand Amoxicillin Fürth,2020-08-28,55
Demand Amoxicillin Fürth,2020-08-29,53
Demand Amoxicillin Fürth,2020-08-30,29
Demand Amoxicillin Fürth,2020-08-31,28
Demand Amoxicillin Fürth,2020-09-01,34
Demand Amoxicillin Fürth,2020-09-02,39
Demand Amoxicillin Fürth,2020-09-03,44
Demand Amoxicillin Fürth,2020-09-04,34
Demand Amoxicillin Fürth,2020-09-05,38
Demand Amoxicillin Fürth,2020-09-06,49
Demand Amoxicillin Fürth,2020-09-07,25
Demand Amoxicillin Fürth,2020-09-08,36
Demand Amoxicillin Fürth,2020-09-09,57
Demand Amoxicillin Fürth,2020-09-10,66
Demand Amoxicillin Fürth,2020-09-11,48
Demand Amoxicillin Fürth,2020-09-12,49
Demand Amoxicillin Fürth,2020-09-13,29
Demand Amoxicillin Fürth,2020-09-14,44
Demand Amoxicillin Fürth,2020-09-15,48
Demand Amoxicillin Fürth,2020-09-16,34
Demand Amoxicillin Fürth,2020-09-17,35
Demand Amoxicillin Fürth,2020-09-18,40
Demand Amoxicillin Fürth,2020-09-19,24
Demand Amoxicillin Fürth,2020-09-20,38
Demand Amoxicillin Fürth,2020-09-21,29
Demand Amoxicillin Fürth,2020-09-22,33
Demand Amoxicillin Fürth,2020-09-23,25
Demand Amoxicillin Fürth,2020-09-24,56
Demand Amoxicillin Fürth,2020-09-25,44
Demand Amoxicillin Fürth,2020-09-26,48
Demand Amoxicillin Fürth,2020-09-27,52
Demand Amoxicillin Fürth,2020-09-28,51
Demand Amoxicillin Fürth,2020-09-29,30
Demand Amoxicillin Fürth,2020-09-30,53
Demand Amoxicillin Fürth,2020-10-01,56
Demand Amoxicillin Fürth,2020-10-02,64
Demand Amoxicillin Fürth,2020-10-03,48
Demand Amoxicillin Fürth,2020-10-04,32
Demand Amoxicillin Fürth,2020-10-05,38
Demand Amoxicillin Fürth,2020-10-06,42
Demand Amoxicillin Fürth,2020-10-07,55
Demand Amoxicillin Fürth,2020-10-08,52
Demand Amoxicillin Fürth,2020-10-09,41
Demand Amoxicillin Fürth,2020-10-10,72
Demand Amoxicillin Fürth,2020-10-11,54
Demand Amoxicillin Fürth,2020-10-12,53
Demand Amoxicillin Fürth,2020-10-13,43
Demand Amoxicillin Fürth,2020-10-14,47
Demand Amoxicillin Fürth,2020-10-15,53
Demand Amoxicillin Fürth,2020-10-16,47
Demand Amoxicillin Fürth,2020-10-17,49
Demand Amoxicillin Fürth,2020-10-18,56
Demand Amoxicillin Fürth,2020-10-19,35
Demand Amoxicillin Fürth,2020-10-20,73
Demand Amoxicillin Fürth,2020-10-21,30
Demand Amoxicillin Fürth,2020-10-22,54
Demand Amoxicillin Fürth,2020-10-23,48
Demand Amoxicillin Fürth,2020-10-24,77
Demand Amoxicillin Fürth,2020-10-25,32
Demand Amoxicillin Fürth,2020-10-26,41
Demand Amoxicillin Fürth,2020-10-27,68
Demand Amoxicillin Fürth,2020-10-28,63
Demand Amoxicillin Fürth,2020-10-29,61
Demand Amoxicillin Fürth,2020-10-30,35
Demand Amoxicillin Fürth,2020-10-31,31
Demand Amoxicillin Fürth,2020-11-01,54
Demand Amoxicillin Fürth,2020-11-02,66
Demand Amoxicillin Fürth,2020-11-03,49
Demand Amoxicillin Fürth,2020-11-04,50
Demand Amoxicillin Fürth,2020-11-05,36
Demand Amoxicillin Fürth,2020-11-06,59
Demand Amoxicillin Fürth,2020-11-07,32
Demand Amoxicillin Fürth,2020-11-08,38
Demand Amoxicillin Fürth,2020-11-09,53
Demand Amoxicillin Fürth,2020-11-10,57
Demand Amoxicillin Fürth,2020-11-11,42
Demand Amoxicillin Fürth,2020-11-12,35
Demand Amoxicillin Fürth,2020-11-13,63
Demand Amoxicillin Fürth,2020-11-14,45
Demand Amoxicillin Fürth,2020-11-15,62
Demand Amoxicillin Fürth,2020-11-16,46
Demand Amoxicillin Fürth,2020-11-17,69
Demand Amoxicillin Fürth,2020-11-18,73
Demand Amoxicillin Fürth,2020-11-19,39
Demand Amoxicillin Fürth,2020-11-20,59
Demand Amoxicillin Fürth,2020-11-21,45
Demand Amoxicillin Fürth,2020-11-22,40
Demand Amoxicillin Fürth,2020-11-23,78
Demand Amoxicillin Fürth,2020-11-24,43
Demand Amoxicillin Fürth,2020-11-25,69
Demand Amoxicillin Fürth,2020-11-26,39
Demand Amoxicillin Fürth,2020-11-27,62
Demand Amoxicillin Fürth,2020-11-28,66
Demand Amoxicillin Fürth,2020-11-29,57
Demand Amoxicillin Fürth,2020-11-30,51
Demand Amoxicillin Fürth,2020-12-01,48
Demand Amoxicillin Fürth,2020-12-02,45
Demand Amoxicillin Fürth,2020-12-03,76
Demand Amoxicillin Fürth,2020-12-04,70
Demand Amoxicillin Fürth,2020-12-05,77
Demand Amoxicillin Fürth,2020-12-06,33
Demand Amoxicillin Fürth,2020-12-07,57
Demand Amoxicillin Fürth,2020-12-08,67
Demand Amoxicillin Fürth,2020-12-09,32
Demand Amoxicillin Fürth,2020-12-10,26
Demand Amoxicillin Fürth,2020-12-11,58
Demand Amoxicillin Fürth,2020-12-12,50
Demand Amoxicillin Fürth,2020-12-13,63
Demand Amoxicillin Fürth,2020-12-14,42
Demand Amoxicillin Fürth,2020-12-15,85
Demand Amoxicillin Fürth,2020-12-16,46
Demand Amoxicillin Fürth,2020-12-17,44
Demand Amoxicillin Fürth,2020-12-18,44
Demand Amoxicillin Fürth,2020-12-19,86
Demand Amoxicillin Fürth,2020-12-20,77
Demand Amoxicillin Fürth,2020-12-21,58
Demand Amoxicillin Fürth,2020-12-22,48
Demand Amoxicillin Fürth,2020-12-23,78
Demand Amoxicillin Fürth,2020-12-24,50
Demand Amoxicillin Fürth,2020-12-25,74
Demand Amoxicillin Fürth,2020-12-26,53
Demand Amoxicillin Fürth,2020-12-27,49
Demand Amoxicillin Fürth,2020-12-28,55
Demand Amoxicillin Fürth,2020-12-29,46
Demand Amoxicillin Fürth,2020-12-30,72
Demand Amoxicillin Fürth,2020-12-31,58
Demand Amoxicillin Fürth,2021-01-01,42
Demand Amoxicillin Fürth,2021-01-02,80
Demand Amoxicillin Fürth,2021-01-03,51
Demand Amoxicillin Fürth,2021-01-04,61
Demand Amoxicillin Fürth,2021-01-05,82
Demand Amoxicillin Fürth,2021-01-06,66
Demand Amoxicillin Fürth,2021-01-07,36
Demand Amoxicillin Fürth,2021-01-08,84
Demand Amoxicillin Fürth,2021-01-09,66
Demand Amoxicillin Fürth,2021-01-10,49
Demand Amoxicillin Fürth,2021-01-11,38
Demand Amoxicillin Fürth,2021-01-12,77
Demand Amoxicillin Fürth,2021-01-13,66
Demand Amoxicillin Fürth,2021-01-14,61
Demand Amoxicillin Fürth,2021-01-15,82
Demand Amoxicillin Fürth,2021-01-16,76
Demand Amoxicillin Fürth,2021-01-17,39
Demand Amoxicillin Fürth,2021-01-18,50
Demand Amoxicillin Fürth,2021-01-19,46
Demand Amoxicillin Fürth,2021-01-20,77
Demand Amoxicillin Fürth,2021-01-21,33
Demand Amoxicillin Fürth,2021-01-22,66
Demand Amoxicillin Fürth,2021-01-23,78
Demand Amoxicillin Fürth,2021-01-24,85
Demand Amoxicillin Fürth,2021-01-25,47
Demand Amoxicillin Fürth,2021-01-26,74
Demand Amoxicillin Fürth,2021-01-27,34
Demand Amoxicillin Fürth,2021-01-28,76
Demand Amoxicillin Fürth,2021-01-29,35
Demand Amoxicillin Fürth,2021-01-30,50
Demand Amoxicillin Fürth,2021-01-31,73
Demand Amoxicillin Fürth,2021-02-01,36
Demand Amoxicillin Fürth,2021-02-02,41
Demand Amoxicillin Fürth,2021-02-03,68
Demand Amoxicillin Fürth,2021-02-04,68
Demand Amoxicillin Fürth,2021-02-05,64
Demand Amoxicillin Fürth,2021-02-06,67
Demand Amoxicillin Fürth,2021-02-07,58
Demand Amoxicillin Fürth,2021-02-08,47
Demand Amoxicillin Fürth,2021-02-09,53
Demand Amoxicillin Fürth,2021-02-10,43
Demand Amoxicillin Fürth,2021-02-11,88
Demand Amoxicillin Fürth,2021-02-12,68
Demand Amoxicillin Fürth,2021-02-13,56
Demand Amoxicillin Fürth,2021-02-14,60
Demand Amoxicillin Fürth,2021-02-15,86
Demand Amoxicillin Fürth,2021-02-16,39
Demand Amoxicillin Fürth,2021-02-17,64
Demand Amoxicillin Fürth,2021-02-18,60
Demand Amoxicillin Fürth,2021-02-19,66
Demand Amoxicillin Fürth,2021-02-20,31
Demand Amoxicillin Fürth,2021-02-21,81
Demand Amoxicillin Fürth,2021-02-22,68
Demand Amoxicillin Fürth,2021-02-23,51
Demand Amoxicillin Fürth,2021-02-24,57
Demand Amoxicillin Fürth,2021-02-25,68
Demand Amoxicillin Fürth,2021-02-26,58
Demand Amoxicillin Fürth,2021-02-27,31
Demand Amoxicillin Fürth,2021-02-28,51
Demand Amoxicillin Fürth,2021-03-01,56
Demand Amoxicillin Fürth,2021-03-02,46
Demand Amoxicillin Fürth,2021-03-03,62
Demand Amoxicillin Fürth,2021-03-04,72
Demand Amoxicillin Fürth,2021-03-05,72
Demand Amoxicillin Fürth,2021-03-06,48
Demand Amoxicillin Fürth,2021-03-07,31
Demand Amoxicillin Fürth,2021-03-08,64
Demand Amoxicillin Fürth,2021-03-09,57
Demand Amoxicillin Fürth,2021-03-10,27
Demand Amoxicillin Fürth,2021-03-11,61
Demand Amoxicillin Fürth,2021-03-12,59
Demand Amoxicillin Fürth,2021-03-13,44
Demand Amoxicillin Fürth,2021-03-14,47
Demand Amoxicillin Fürth,2021-03-15,54
Demand Amoxicillin Fürth,2021-03-16,33
Demand Amoxicillin Fürth,2021-03-17,50
Demand Amoxicillin Fürth,2021-03-18,78
Demand Amoxicillin Fürth,2021-03-19,30
Demand Amoxicillin Fürth,2021-03-20,50
Demand Amoxicillin Fürth,2021-03-21,54
Demand Amoxicillin Fürth,2021-03-22,58
Demand Amoxicillin Fürth,2021-03-23,79
Demand Amoxicillin Fürth,2021-03-24,47
Demand Amoxicillin Fürth,2021-03-25,47
Demand Amoxicillin Fürth,2021-03-26,69
Demand Amoxicillin Fürth,2021-03-27,53
Demand Amoxicillin Fürth,2021-03-28,40
Demand Amoxicillin Fürth,2021-03-29,59
Demand Amoxicillin Fürth,2021-03-30,40
Demand Amoxicillin Fürth,2021-03-31,42
Demand Amoxicillin Fürth,2021-04-01,62
Demand Amoxicillin Fürth,2021-04-02,57
Demand Amoxicillin Fürth,2021-04-03,88
Demand Amoxicillin Fürth,2021-04-04,53
Demand Amoxicillin Fürth,2021-04-05,58
Demand Amoxicillin Fürth,2021-04-06,61
Demand Amoxicillin Fürth,2021-04-07,28
Demand Amoxicillin Fürth,2021-04-08,62
Demand Amoxicillin Fürth,2021-04-09,36
Demand Amoxicillin Fürth,2021-04-10,78
Demand Amoxicillin Fürth,2021-04-11,35
Demand Amoxicillin Fürth,2021-04-12,50
Demand Amoxicillin Fürth,2021-04-13,32
Demand Amoxicillin Fürth,2021-04-14,82
Demand Amoxicillin Fürth,2021-04-15,55
Demand Amoxicillin Fürth,2021-04-16,60
Demand Amoxicillin Fürth,2021-04-17,31
Demand Amoxicillin Fürth,2021-04-18,68
Demand Amoxicillin Fürth,2021-04-19,41
Demand Amoxicillin Fürth,2021-04-20,82
Demand Amoxicillin Fürth,2021-04-21,41
Demand Amoxicillin Fürth,2021-04-22,40
Demand Amoxicillin Fürth,2021-04-23,31
Demand Amoxicillin Fürth,2021-04-24,57
Demand Amoxicillin Fürth,2021-04-25,62
Demand Amoxicillin Fürth,2021-04-26,27
Demand Amoxicillin Fürth,2021-04-27,61
Demand Amoxicillin Fürth,2021-04-28,46
Demand Amoxicillin Fürth,2021-04-29,49
Demand Amoxicillin Fürth,2021-04-30,45
Demand Amoxicillin Fürth,2021-05-01,43
Demand Amoxicillin Fürth,2021-05-02,51
Demand Amoxicillin Fürth,2021-05-03,32
Demand Amoxicillin Fürth,2021-05-04,34
Demand Amoxicillin Fürth,2021-05-05,67
Demand Amoxicillin Fürth,2021-05-06,71
Demand Amoxicillin Fürth,2021-05-07,43
Demand Amoxicillin Fürth,2021-05-08,38
Demand Amoxicillin Fürth,2021-05-09,56
Demand Amoxicillin Fürth,2021-05-10,58
Demand Amoxicillin Fürth,2021-05-11,34
Demand Amoxicillin Fürth,2021-05-12,42
Demand Amoxicillin Fürth,2021-05-13,78
Demand Amoxicillin Fürth,2021-05-14,74
Demand Amoxicillin Fürth,2021-05-15,34
Demand Amoxicillin Fürth,2021-05-16,46
Demand Amoxicillin Fürth,2021-05-17,38
Demand Amoxicillin Fürth,2021-05-18,61
Demand Amoxicillin Fürth,2021-05-19,27
Demand Amoxicillin Fürth,2021-05-20,31
Demand Amoxicillin Fürth,2021-05-21,68
Demand Amoxicillin Fürth,2021-05-22,35
Demand Amoxicillin Fürth,2021-05-23,60
Demand Amoxicillin Fürth,2021-05-24,38
Demand Amoxicillin Fürth,2021-05-25,31
Demand Amoxicillin Fürth,2021-05-26,38
Demand Amoxicillin Fürth,2021-05-27,63
Demand Amoxicillin Fürth,2021-05-28,70
Demand Amoxicillin Fürth,2021-05-29,69
Demand Amoxicillin Fürth,2021-05-30,46
Demand Amoxicillin Fürth,2021-05-31,49
Demand Amoxicillin Fürth,2021-06-01,30
Demand Amoxicillin Fürth,2021-06-02,34
Demand Amoxicillin Fürth,2021-06-03,59
Demand Amoxicillin Fürth,2021-06-04,22
Demand Amoxicillin Fürth,2021-06-05,25
Demand Amoxicillin Fürth,2021-06-06,30
Demand Amoxicillin Fürth,2021-06-07,26
Demand Amoxicillin Fürth,2021-06-08,33
Demand Amoxicillin Fürth,2021-06-09,53
Demand Amoxicillin Fürth,2021-06-10,45
Demand Amoxicillin Fürth,2021-06-11,68
Demand Amoxicillin Fürth,2021-06-12,64
Demand Amoxicillin Fürth,2021-06-13,41
Demand Amoxicillin Fürth,2021-06-14,36
Demand Amoxicillin Fürth,2021-06-15,41
Demand Amoxicillin Fürth,2021-06-16,51
Demand Amoxicillin Fürth,2021-06-17,36
Demand Amoxicillin Fürth,2021-06-18,53
Demand Amoxicillin Fürth,2021-06-19,43
Demand Amoxicillin Fürth,2021-06-20,50
Demand Amoxicillin Fürth,2021-06-21,38
Demand Amoxicillin Fürth,2021-06-22,32
Demand Amoxicillin Fürth,2021-06-23,58
Demand Amoxicillin Fürth,2021-06-24,51
Demand Amoxicillin Fürth,2021-06-25,26
Demand Amoxicillin Fürth,2021-06-26,55
Demand Amoxicillin Fürth,2021-06-27,40
Demand Amoxicillin Fürth,2021-06-28,61
Demand Amoxicillin Fürth,2021-06-29,57
Demand Amoxicillin Fürth,2021-06-30,40
Demand Amoxicillin Fürth,2021-07-01,23
Demand Amoxicillin Fürth,2021-07-02,33
Demand Amoxicillin Fürth,2021-07-03,45
Demand Amoxicillin Fürth,2021-07-04,49
Demand Amoxicillin Fürth,2021-07-05,29
Demand Amoxicillin Fürth,2021-07-06,25
Demand Amoxicillin Fürth,2021-07-07,51
Demand Amoxicillin Fürth,2021-07-08,57
Demand Amoxicillin Fürth,2021-07-09,39
Demand Amoxicillin Fürth,2021-07-10,26
Demand Amoxicillin Fürth,2021-07-11,30
Demand Amoxicillin Fürth,2021-07-12,23
Demand Amoxicillin Fürth,2021-07-13,63
Demand Amoxicillin Fürth,2021-07-14,27
Demand Amoxicillin Fürth,2021-07-15,48
Demand Amoxicillin Fürth,2021-07-16,34
Demand Amoxicillin Fürth,2021-07-17,47
Demand Amoxicillin Fürth,2021-07-18,51
Demand Amoxicillin Fürth,2021-07-19,58
Demand Amoxicillin Fürth,2021-07-20,31
Demand Amoxicillin Fürth,2021-07-21,22
Demand Amoxicillin Fürth,2021-07-22,28
Demand Amoxicillin Fürth,2021-07-23,61
Demand Amoxicillin Fürth,2021-07-24,60
Demand Amoxicillin Fürth,2021-07-25,48
Demand Amoxicillin Fürth,2021-07-26,52
Demand Amoxicillin Fürth,2021-07-27,55
Demand Amoxicillin Fürth,2021-07-28,32
Demand Amoxicillin Fürth,2021-07-29,67
Demand Amoxicillin Fürth,2021-07-30,44
Demand Amoxicillin Fürth,2021-07-31,42
Demand Amoxicillin Fürth,2021-08-01,48
Demand Amoxicillin Fürth,2021-08-02,28
Demand Amoxicillin Fürth,2021-08-03,34
Demand Amoxicillin Fürth,2021-08-04,63
Demand Amoxicillin Fürth,2021-08-05,30
Demand Amoxicillin Fürth,2021-08-06,56
Demand Amoxicillin Fürth,2021-08-07,38
Demand Amoxicillin Fürth,2021-08-08,45
Demand Amoxicillin Fürth,2021-08-09,34
Demand Amoxicillin Fürth,2021-08-10,36
Demand Amoxicillin Fürth,2021-08-11,52
Demand Amoxicillin Fürth,2021-08-12,34
Demand Amoxicillin Fürth,2021-08-13,45
Demand Amoxicillin Fürth,2021-08-14,42
Demand Amoxicillin Fürth,2021-08-15,49
Demand Amoxicillin Fürth,2021-08-16,72
Demand Amoxicillin Fürth,2021-08-17,61
Demand Amoxicillin Fürth,2021-08-18,36
Demand Amoxicillin Fürth,2021-08-19,26
Demand Amoxicillin Fürth,2021-08-20,38
Demand Amoxicillin Fürth,2021-08-21,55
Demand Amoxicillin Fürth,2021-08-22,27
Demand Amoxicillin Fürth,2021-08-23,54
Demand Amoxicillin Fürth,2021-08-24,59
Demand Amoxicillin Fürth,2021-08-25,45
Demand Amoxicillin Fürth,2021-08-26,69
Demand Amoxicillin Fürth,2021-08-27,33
Demand Amoxicillin Fürth,2021-08-28,31
Demand Amoxicillin Fürth,2021-08-29,66
Demand Amoxicillin Fürth,2021-08-30,45
Demand Amoxicillin Fürth,2021-08-31,54
Demand Amoxicillin Fürth,2021-09-01,43
Demand Amoxicillin Fürth,2021-09-02,34
Demand Amoxicillin Fürth,2021-09-03,60
Demand Amoxicillin Fürth,2021-09-04,59
Demand Amoxicillin Fürth,2021-09-05,54
Demand Amoxicillin Fürth,2021-09-06,38
Demand Amoxicillin Fürth,2021-09-07,54
Demand Amoxicillin Fürth,2021-09-08,42
Demand Amoxicillin Fürth,2021-09-09,29
Demand Amoxicillin Fürth,2021-09-10,70
Demand Amoxicillin Fürth,2021-09-11,31
Demand Amoxicillin Fürth,2021-09-12,71
Demand Amoxicillin Fürth,2021-09-13,45
Demand Amoxicillin Fürth,2021-09-14,33
Demand Amoxicillin Fürth,2021-09-15,50
Demand Amoxicillin Fürth,2021-09-16,66
Demand Amoxicillin Fürth,2021-09-17,59
Demand Amoxicillin Fürth,2021-09-18,62
Demand Amoxicillin Fürth,2021-09-19,55
Demand Amoxicillin Fürth,2021-09-20,55
Demand Amoxicillin Fürth,2021-09-21,63
Demand Amoxicillin Fürth,2021-09-22,35
Demand Amoxicillin Fürth,2021-09-23,46
Demand Amoxicillin Fürth,2021-09-24,33
Demand Amoxicillin Fürth,2021-09-25,69
Demand Amoxicillin Fürth,2021-09-26,67
Demand Amoxicillin Fürth,2021-09-27,31
Demand Amoxicillin Fürth,2021-09-28,70
Demand Amoxicillin Fürth,2021-09-29,83
Demand Amoxicillin Fürth,2021-09-30,39
Demand Amoxicillin Fürth,2021-10-01,62
Demand Amoxicillin Fürth,2021-10-02,82
Demand Amoxicillin Fürth,2021-10-03,31
Demand Amoxicillin Fürth,2021-10-04,50
Demand Amoxicillin Fürth,2021-10-05,34
Demand Amoxicillin Fürth,2021-10-06,60
Demand Amoxicillin Fürth,2021-10-07,62
Demand Amoxicillin Fürth,2021-10-08,61
Demand Amoxicillin Fürth,2021-10-09,41
Demand Amoxicillin Fürth,2021-10-10,57
Demand Amoxicillin Fürth,2021-10-11,80
Demand Amoxicillin Fürth,2021-10-12,48
Demand Amoxicillin Fürth,2021-10-13,79
Demand Amoxicillin Fürth,2021-10-14,32
Demand Amoxicillin Fürth,2021-10-15,65
Demand Amoxicillin Fürth,2021-10-16,43
Demand Amoxicillin Fürth,2021-10-17,37
Demand Amoxicillin Fürth,2021-10-18,36
Demand Amoxicillin Fürth,2021-10-19,75
Demand Amoxicillin Fürth,2021-10-20,52
Demand Amoxicillin Fürth,2021-10-21,76
Demand Amoxicillin Fürth,2021-10-22,35
Demand Amoxicillin Fürth,2021-10-23,51
Demand Amoxicillin Fürth,2021-10-24,65
Demand Amoxicillin Fürth,2021-10-25,69
Demand Amoxicillin Fürth,2021-10-26,44
Demand Amoxicillin Fürth,2021-10-27,60
Demand Amoxicillin Fürth,2021-10-28,74
Demand Amoxicillin Fürth,2021-10-29,59
Demand Amoxicillin Fürth,2021-10-30,39
Demand Amoxicillin Fürth,2021-10-31,28
Demand Amoxicillin Fürth,2021-11-01,68
Demand Amoxicillin Fürth,2021-11-02,26
Demand Amoxicillin Fürth,2021-11-03,68
Demand Amoxicillin Fürth,2021-11-04,51
Demand Amoxicillin Fürth,2021-11-05,72
Demand Amoxicillin Fürth,2021-11-06,65
Demand Amoxicillin Fürth,2021-11-07,74
Demand Amoxicillin Fürth,2021-11-08,46
Demand Amoxicillin Fürth,2021-11-09,68
Demand Amoxicillin Fürth,2021-11-10,49
Demand Amoxicillin Fürth,2021-11-11,53
Demand Amoxicillin Fürth,2021-11-12,61
Demand Amoxicillin Fürth,2021-11-13,74
Demand Amoxicillin Fürth,2021-11-14,80
Demand Amoxicillin Fürth,2021-11-15,83
Demand Amoxicillin Fürth,2021-11-16,60
Demand Amoxicillin Fürth,2021-11-17,61
Demand Amoxicillin Fürth,2021-11-18,81
Demand Amoxicillin Fürth,2021-11-19,49
Demand Amoxicillin Fürth,2021-11-20,40
Demand Amoxicillin Fürth,2021-11-21,56
Demand Amoxicillin Fürth,2021-11-22,59
Demand Amoxicillin Fürth,2021-11-23,59
Demand Amoxicillin Fürth,2021-11-24,55
Demand Amoxicillin Fürth,2021-11-25,40
Demand Amoxicillin Fürth,2021-11-26,39
Demand Amoxicillin Fürth,2021-11-27,111
Demand Amoxicillin Fürth,2021-11-28,69
Demand Amoxicillin Fürth,2021-11-29,51
Demand Amoxicillin Fürth,2021-11-30,69
Demand Amoxicillin Fürth,2021-12-01,42
Demand Amoxicillin Fürth,2021-12-02,84
Demand Amoxicillin Fürth,2021-12-03,75
Demand Amoxicillin Fürth,2021-12-04,34
Demand Amoxicillin Fürth,2021-12-05,53
Demand Amoxicillin Fürth,2021-12-06,77
Demand Amoxicillin Fürth,2021-12-07,81
Demand Amoxicillin Fürth,2021-12-08,54
Demand Amoxicillin Fürth,2021-12-09,63
Demand Amoxicillin Fürth,2021-12-10,37
Demand Amoxicillin Fürth,2021-12-11,84
Demand Amoxicillin Fürth,2021-12-12,41
Demand Amoxicillin Fürth,2021-12-13,94
Demand Amoxicillin Fürth,2021-12-14,75
Demand Amoxicillin Fürth,2021-12-15,72
Demand Amoxicillin Fürth,2021-12-16,66
Demand Amoxicillin Fürth,2021-12-17,47
Demand Amoxicillin Fürth,2021-12-18,44
Demand Amoxicillin Fürth,2021-12-19,47
Demand Amoxicillin Fürth,2021-12-20,40
Demand Amoxicillin Fürth,2021-12-21,75
Demand Amoxicillin Fürth,2021-12-22,50
Demand Amoxicillin Fürth,2021-12-23,33
Demand Amoxicillin Fürth,2021-12-24,87
Demand Amoxicillin Fürth,2021-12-25,82
Demand Amoxicillin Fürth,2021-12-26,84
Demand Amoxicillin Fürth,2021-12-27,94
Demand Amoxicillin Fürth,2021-12-28,42
Demand Amoxicillin Fürth,2021-12-29,56
Demand Amoxicillin Fürth,2021-12-30,79
Demand Amoxicillin Fürth,2021-12-31,75
Demand Amoxicillin Fürth,2022-01-01,41
Demand Amoxicillin Fürth,2022-01-02,82
Demand Amoxicillin Fürth,2022-01-03,53
Demand Amoxicillin Fürth,2022-01-04,53
Demand Amoxicillin Fürth,2022-01-05,76
Demand Amoxicillin Fürth,2022-01-06,80
Demand Amoxicillin Fürth,2022-01-07,80
Demand Amoxicillin Fürth,2022-01-08,44
Demand Amoxicillin Fürth,2022-01-09,101
Demand Amoxicillin Fürth,2022-01-10,48
Demand Amoxicillin Fürth,2022-01-11,40
Demand Amoxicillin Fürth,2022-01-12,88
Demand Amoxicillin Fürth,2022-01-13,92
Demand Amoxicillin Fürth,2022-01-14,86
Demand Amoxicillin Fürth,2022-01-15,83
Demand Amoxicillin Fürth,2022-01-16,73
Demand Amoxicillin Fürth,2022-01-17,77
Demand Amoxicillin Fürth,2022-01-18,43
Demand Amoxicillin Fürth,2022-01-19,66
Demand Amoxicillin Fürth,2022-01-20,64
Demand Amoxicillin Fürth,2022-01-21,55
Demand Amoxicillin Fürth,2022-01-22,89
Demand Amoxicillin Fürth,2022-01-23,73
Demand Amoxicillin Fürth,2022-01-24,43
Demand Amoxicillin Fürth,2022-01-25,53
Demand Amoxicillin Fürth,2022-01-26,87
Demand Amoxicillin Fürth,2022-01-27,42
Demand Amoxicillin Fürth,2022-01-28,99
Demand Amoxicillin Fürth,2022-01-29,73
Demand Amoxicillin Fürth,2022-01-30,72
Demand Amoxicillin Fürth,2022-01-31,65
Demand Amoxicillin Fürth,2022-02-01,79
Demand Amoxicillin Fürth,2022-02-02,51
Demand Amoxicillin Fürth,2022-02-03,70
Demand Amoxicillin Fürth,2022-02-04,64
Demand Amoxicillin Fürth,2022-02-05,46
Demand Amoxicillin Fürth,2022-02-06,82
Demand Amoxicillin Fürth,2022-02-07,59
Demand Amoxicillin Fürth,2022-02-08,53
Demand Amoxicillin Fürth,2022-02-09,62
Demand Amoxicillin Fürth,2022-02-10,62
Demand Amoxicillin Fürth,2022-02-11,55
Demand Amoxicillin Fürth,2022-02-12,61
Demand Amoxicillin Fürth,2022-02-13,55
Demand Amoxicillin Fürth,2022-02-14,71
Demand Amoxicillin Fürth,2022-02-15,67
Demand Amoxicillin Fürth,2022-02-16,75
Demand Amoxicillin Fürth,2022-02-17,40
Demand Amoxicillin Fürth,2022-02-18,83
Demand Amoxicillin Fürth,2022-02-19,82
Demand Amoxicillin Fürth,2022-02-20,32
Demand Amoxicillin Fürth,2022-02-21,81
Demand Amoxicillin Fürth,2022-02-22,38
Demand Amoxicillin Fürth,2022-02-23,51
Demand Amoxicillin Fürth,2022-02-24,76
Demand Amoxicillin Fürth,2022-02-25,40
Demand Amoxicillin Fürth,2022-02-26,80
Demand Amoxicillin Fürth,2022-02-27,81
Demand Amoxicillin Fürth,2022-02-28,74
Demand Amoxicillin Fürth,2022-03-01,37
Demand Amoxicillin Fürth,2022-03-02,58
Demand Amoxicillin Fürth,2022-03-03,82
Demand Amoxicillin Fürth,2022-03-04,109
Demand Amoxicillin Fürth,2022-03-05,83
Demand Amoxicillin Fürth,2022-03-06,56
Demand Amoxicillin Fürth,2022-03-07,62
Demand Amoxicillin Fürth,2022-03-08,57
Demand Amoxicillin Fürth,2022-03-09,70
Demand Amoxicillin Fürth,2022-03-10,33
Demand Amoxicillin Fürth,2022-03-11,69
Demand Amoxicillin Fürth,2022-03-12,57
Demand Amoxicillin Fürth,2022-03-13,80
Demand Amoxicillin Fürth,2022-03-14,50
Demand Amoxicillin Fürth,2022-03-15,68
Demand Amoxicillin Fürth,2022-03-16,86
Demand Amoxicillin Fürth,2022-03-17,36
Demand Amoxicillin Fürth,2022-03-18,86
Demand Amoxicillin Fürth,2022-03-19,71
Demand Amoxicillin Fürth,2022-03-20,34
Demand Amoxicillin Fürth,2022-03-21,54
Demand Amoxicillin Fürth,2022-03-22,81
Demand Amoxicillin Fürth,2022-03-23,38
Demand Amoxicillin Fürth,2022-03-24,73
Demand Amoxicillin Fürth,2022-03-25,57
Demand Amoxicillin Fürth,2022-03-26,75
Demand Amoxicillin Fürth,2022-03-27,37
Demand Amoxicillin Fürth,2022-03-28,65
Demand Amoxicillin Fürth,2022-03-29,70
Demand Amoxicillin Fürth,2022-03-30,70
Demand Amoxicillin Fürth,2022-03-31,59
Demand Amoxicillin Fürth,2022-04-01,30
Demand Amoxicillin Fürth,2022-04-02,60
Demand Amoxicillin Fürth,2022-04-03,25
Demand Amoxicillin Fürth,2022-04-04,34
Demand Amoxicillin Fürth,2022-04-05,54
Demand Amoxicillin Fürth,2022-04-06,65
Demand Amoxicillin Fürth,2022-04-07,84
Demand Amoxicillin Fürth,2022-04-08,78
Demand Amoxicillin Fürth,2022-04-09,62
Demand Amoxicillin Fürth,2022-04-10,51
Demand Amoxicillin Fürth,2022-04-11,85
Demand Amoxicillin Fürth,2022-04-12,52
Demand Amoxicillin Fürth,2022-04-13,54
Demand Amoxicillin Fürth,2022-04-14,38
Demand Amoxicillin Fürth,2022-04-15,73
Demand Amoxicillin Fürth,2022-04-16,68
Demand Amoxicillin Fürth,2022-04-17,41
Demand Amoxicillin Fürth,2022-04-18,35
Demand Amoxicillin Fürth,2022-04-19,71
Demand Amoxicillin Fürth,2022-04-20,69
Demand Amoxicillin Fürth,2022-04-21,46
Demand Amoxicillin Fürth,2022-04-22,87
Demand Amoxicillin Fürth,2022-04-23,39
Demand Amoxicillin Fürth,2022-04-24,56
Demand Amoxicillin Fürth,2022-04-25,67
Demand Amoxicillin Fürth,2022-04-26,43
Demand Amoxicillin Fürth,2022-04-27,53
Demand Amoxicillin Fürth,2022-04-28,42
Demand Amoxicillin Fürth,2022-04-29,36
Demand Amoxicillin Fürth,2022-04-30,69
Demand Amoxicillin Fürth,2022-05-01,42
Demand Amoxicillin Fürth,2022-05-02,83
Demand Amoxicillin Fürth,2022-05-03,43
Demand Amoxicillin Fürth,2022-05-04,42
Demand Amoxicillin Fürth,2022-05-05,32
Demand Amoxicillin Fürth,2022-05-06,69
Demand Amoxicillin Fürth,2022-05-07,52
Demand Amoxicillin Fürth,2022-05-08,81
Demand Amoxicillin Fürth,2022-05-09,38
Demand Amoxicillin Fürth,2022-05-10,57
Demand Amoxicillin Fürth,2022-05-11,27
Demand Amoxicillin Fürth,2022-05-12,53
Demand Amoxicillin Fürth,2022-05-13,49
Demand Amoxicillin Fürth,2022-05-14,49
Demand Amoxicillin Fürth,2022-05-15,52
Demand Amoxicillin Fürth,2022-05-16,63
Demand Amoxicillin Fürth,2022-05-17,56
Demand Amoxicillin Fürth,2022-05-18,31
Demand Amoxicillin Fürth,2022-05-19,27
Demand Amoxicillin Fürth,2022-05-20,71
Demand Amoxicillin Fürth,2022-05-21,56
Demand Amoxicillin Fürth,2022-05-22,65
Demand Amoxicillin Fürth,2022-05-23,66
Demand Amoxicillin Fürth,2022-05-24,41
Demand Amoxicillin Fürth,2022-05-25,42
Demand Amoxicillin Fürth,2022-05-26,79
Demand Amoxicillin Fürth,2022-05-27,62
Demand Amoxicillin Fürth,2022-05-28,47
Demand Amoxicillin Fürth,2022-05-29,66
Demand Amoxicillin Fürth,2022-05-30,30
Demand Amoxicillin Fürth,2022-05-31,57
Demand Amoxicillin Fürth,2022-06-01,41
Demand Amoxicillin Fürth,2022-06-02,69
Demand Amoxicillin Fürth,2022-06-03,43
Demand Amoxicillin Fürth,2022-06-04,51
Demand Amoxicillin Fürth,2022-06-05,27
Demand Amoxicillin Fürth,2022-06-06,27
Demand Amoxicillin Fürth,2022-06-07,42
Demand Amoxicillin Fürth,2022-06-08,46
Demand Amoxicillin Fürth,2022-06-09,52
Demand Amoxicillin Fürth,2022-06-10,37
Demand Amoxicillin Fürth,2022-06-11,56
Demand Amoxicillin Fürth,2022-06-12,64
Demand Amoxicillin Fürth,2022-06-13,69
Demand Amoxicillin Fürth,2022-06-14,29
Demand Amoxicillin Fürth,2022-06-15,53
Demand Amoxicillin Fürth,2022-06-16,33
Demand Amoxicillin Fürth,2022-06-17,40
Demand Amoxicillin Fürth,2022-06-18,80
Demand Amoxicillin Fürth,2022-06-19,35
Demand Amoxicillin Fürth,2022-06-20,47
Demand Amoxicillin Fürth,2022-06-21,53
Demand Amoxicillin Fürth,2022-06-22,57
Demand Amoxicillin Fürth,2022-06-23,50
Demand Amoxicillin Fürth,2022-06-24,24
Demand Amoxicillin Fürth,2022-06-25,39
Demand Amoxicillin Fürth,2022-06-26,48
Demand Amoxicillin Fürth,2022-06-27,33
Demand Amoxicillin Fürth,2022-06-28,48
Demand Amoxicillin Fürth,2022-06-29,30
Demand Amoxicillin Fürth,2022-06-30,33
Demand Amoxicillin Fürth,2022-07-01,51
Demand Amoxicillin Fürth,2022-07-02,36
Demand Amoxicillin Fürth,2022-07-03,61
Demand Amoxicillin Fürth,2022-07-04,58
Demand Amoxicillin Fürth,2022-07-05,63
Demand Amoxicillin Fürth,2022-07-06,34
Demand Amoxicillin Fürth,2022-07-07,33
Demand Amoxicillin Fürth,2022-07-08,29
Demand Amoxicillin Fürth,2022-07-09,55
Demand Amoxicillin Fürth,2022-07-10,59
Demand Amoxicillin Fürth,2022-07-11,21
Demand Amoxicillin Fürth,2022-07-12,58
Demand Amoxicillin Fürth,2022-07-13,22
Demand Amoxicillin Fürth,2022-07-14,42
Demand Amoxicillin Fürth,2022-07-15,48
Demand Amoxicillin Fürth,2022-07-16,55
Demand Amoxicillin Fürth,2022-07-17,49
Demand Amoxicillin Fürth,2022-07-18,56
Demand Amoxicillin Fürth,2022-07-19,36
Demand Amoxicillin Fürth,2022-07-20,56
Demand Amoxicillin Fürth,2022-07-21,25
Demand Amoxicillin Fürth,2022-07-22,60
Demand Amoxicillin Fürth,2022-07-23,45
Demand Amoxicillin Fürth,2022-07-24,56
Demand Amoxicillin Fürth,2022-07-25,46
Demand Amoxicillin Fürth,2022-07-26,55
Demand Amoxicillin Fürth,2022-07-27,50
Demand Amoxicillin Fürth,2022-07-28,60
Demand Amoxicillin Fürth,2022-07-29,28
Demand Amoxicillin Fürth,2022-07-30,27
Demand Amoxicillin Fürth,2022-07-31,36
Demand Amoxicillin Fürth,2022-08-01,34
Demand Amoxicillin Fürth,2022-08-02,72
Demand Amoxicillin Fürth,2022-08-03,38
Demand Amoxicillin Fürth,2022-08-04,77
Demand Amoxicillin Fürth,2022-08-05,44
Demand Amoxicillin Fürth,2022-08-06,36
Demand Amoxicillin Fürth,2022-08-07,67
Demand Amoxicillin Fürth,2022-08-08,45
Demand Amoxicillin Fürth,2022-08-09,38
Demand Amoxicillin Fürth,2022-08-10,41
Demand Amoxicillin Fürth,2022-08-11,47
Demand Amoxicillin Fürth,2022-08-12,28
Demand Amoxicillin Fürth,2022-08-13,58
Demand Amoxicillin Fürth,2022-08-14,57
Demand Amoxicillin Fürth,2022-08-15,67
Demand Amoxicillin Fürth,2022-08-16,41
Demand Amoxicillin Fürth,2022-08-17,69
Demand Amoxicillin Fürth,2022-08-18,33
Demand Amoxicillin Fürth,2022-08-19,31
Demand Amoxicillin Fürth,2022-08-20,44
Demand Amoxicillin Fürth,2022-08-21,56
Demand Amoxicillin Fürth,2022-08-22,64
Demand Amoxicillin Fürth,2022-08-23,58
Demand Amoxicillin Fürth,2022-08-24,58
Demand Amoxicillin Fürth,2022-08-25,43
Demand Amoxicillin Fürth,2022-08-26,40
Demand Amoxicillin Fürth,2022-08-27,41
Demand Amoxicillin Fürth,2022-08-28,70
Demand Amoxicillin Fürth,2022-08-29,24
Demand Amoxicillin Fürth,2022-08-30,60
Demand Amoxicillin Fürth,2022-08-31,47
Demand Amoxicillin Fürth,2022-09-01,41
Demand Amoxicillin Fürth,2022-09-02,54
Demand Amoxicillin Fürth,2022-09-03,43
Demand Amoxicillin Fürth,2022-09-04,60
Demand Amoxicillin Fürth,2022-09-05,70
Demand Amoxicillin Fürth,2022-09-06,46
Demand Amoxicillin Fürth,2022-09-07,39
Demand Amoxicillin Fürth,2022-09-08,55
Demand Amoxicillin Fürth,2022-09-09,71
Demand Amoxicillin Fürth,2022-09-10,36
Demand Amoxicillin Fürth,2022-09-11,56
Demand Amoxicillin Fürth,2022-09-12,65
Demand Amoxicillin Fürth,2022-09-13,71
Demand Amoxicillin Fürth,2022-09-14,37
Demand Amoxicillin Fürth,2022-09-15,70
Demand Amoxicillin Fürth,2022-09-16,81
Demand Amoxicillin Fürth,2022-09-17,39
Demand Amoxicillin Fürth,2022-09-18,43
Demand Amoxicillin Fürth,2022-09-19,67
Demand Amoxicillin Fürth,2022-09-20,31
Demand Amoxicillin Fürth,2022-09-21,61
Demand Amoxicillin Fürth,2022-09-22,45
Demand Amoxicillin Fürth,2022-09-23,34
Demand Amoxicillin Fürth,2022-09-24,62
Demand Amoxicillin Fürth,2022-09-25,43
Demand Amoxicillin Fürth,2022-09-26,59
Demand Amoxicillin Fürth,2022-09-27,50
Demand Amoxicillin Fürth,2022-09-28,64
Demand Amoxicillin Fürth,2022-09-29,39
Demand Amoxicillin Fürth,2022-09-30,52
Demand Amoxicillin Fürth,2022-10-01,86
Demand Amoxicillin Fürth,2022-10-02,44
Demand Amoxicillin Fürth,2022-10-03,66
Demand Amoxicillin Fürth,2022-10-04,47
Demand Amoxicillin Fürth,2022-10-05,73
Demand Amoxicillin Fürth,2022-10-06,36
Demand Amoxicillin Fürth,2022-10-07,84
Demand Amoxicillin Fürth,2022-10-08,55
Demand Amoxicillin Fürth,2022-10-09,42
Demand Amoxicillin Fürth,2022-10-10,40
Demand Amoxicillin Fürth,2022-10-11,47
Demand Amoxicillin Fürth,2022-10-12,71
Demand Amoxicillin Fürth,2022-10-13,59
Demand Amoxicillin Fürth,2022-10-14,93
Demand Amoxicillin Fürth,2022-10-15,65
Demand Amoxicillin Fürth,2022-10-16,52
Demand Amoxicillin Fürth,2022-10-17,65
Demand Amoxicillin Fürth,2022-10-18,70
Demand Amoxicillin Fürth,2022-10-19,39
Demand Amoxicillin Fürth,2022-10-20,39
Demand Amoxicillin Fürth,2022-10-21,31
Demand Amoxicillin Fürth,2022-10-22,72
Demand Amoxicillin Fürth,2022-10-23,68
Demand Amoxicillin Fürth,2022-10-24,51
Demand Amoxicillin Fürth,2022-10-25,71
Demand Amoxicillin Fürth,2022-10-26,69
Demand Amoxicillin Fürth,2022-10-27,57
Demand Amoxicillin Fürth,2022-10-28,72
Demand Amoxicillin Fürth,2022-10-29,37
Demand Amoxicillin Fürth,2022-10-30,32
Demand Amoxicillin Fürth,2022-10-31,58
Demand Amoxicillin Fürth,2022-11-01,42
Demand Amoxicillin Fürth,2022-11-02,77
Demand Amoxicillin Fürth,2022-11-03,108
Demand Amoxicillin Fürth,2022-11-04,41
Demand Amoxicillin Fürth,2022-11-05,47
Demand Amoxicillin Fürth,2022-11-06,72
Demand Amoxicillin Fürth,2022-11-07,86
Demand Amoxicillin Fürth,2022-11-08,49
Demand Amoxicillin Fürth,2022-11-09,61
Demand Amoxicillin Fürth,2022-11-10,33
Demand Amoxicillin Fürth,2022-11-11,39
Demand Amoxicillin Fürth,2022-11-12,89
Demand Amoxicillin Fürth,2022-11-13,88
Demand Amoxicillin Fürth,2022-11-14,31
Demand Amoxicillin Fürth,2022-11-15,88
Demand Amoxicillin Fürth,2022-11-16,69
Demand Amoxicillin Fürth,2022-11-17,83
Demand Amoxicillin Fürth,2022-11-18,58
Demand Amoxicillin Fürth,2022-11-19,62
Demand Amoxicillin Fürth,2022-11-20,60
Demand Amoxicillin Fürth,2022-11-21,86
Demand Amoxicillin Fürth,2022-11-22,47
Demand Amoxicillin Fürth,2022-11-23,39
Demand Amoxicillin Fürth,2022-11-24,60
Demand Amoxicillin Fürth,2022-11-25,89
Demand Amoxicillin Fürth,2022-11-26,52
Demand Amoxicillin Fürth,2022-11-27,87
Demand Amoxicillin Fürth,2022-11-28,87
Demand Amoxicillin Fürth,2022-11-29,35
Demand Amoxicillin Fürth,2022-11-30,69
Demand Amoxicillin Fürth,2022-12-01,56
Demand Amoxicillin Fürth,2022-12-02,81
Demand Amoxicillin Fürth,2022-12-03,40
Demand Amoxicillin Fürth,2022-12-04,70
Demand Amoxicillin Fürth,2022-12-05,73
Demand Amoxicillin Fürth,2022-12-06,79
Demand Amoxicillin Fürth,2022-12-07,65
Demand Amoxicillin Fürth,2022-12-08,54
Demand Amoxicillin Fürth,2022-12-09,61
Demand Amoxicillin Fürth,2022-12-10,75
Demand Amoxicillin Fürth,2022-12-11,58
Demand Amoxicillin Fürth,2022-12-12,35
Demand Amoxicillin Fürth,2022-12-13,95
Demand Amoxicillin Fürth,2022-12-14,79
Demand Amoxicillin Fürth,2022-12-15,78
Demand Amoxicillin Fürth,2022-12-16,47
Demand Amoxicillin Fürth,2022-12-17,77
Demand Amoxicillin Fürth,2022-12-18,59
Demand Amoxicillin Fürth,2022-12-19,73
Demand Amoxicillin Fürth,2022-12-20,38
Demand Amoxicillin Fürth,2022-12-21,73
Demand Amoxicillin Fürth,2022-12-22,94
Demand Amoxicillin Fürth,2022-12-23,35
Demand Amoxicillin Fürth,2022-12-24,93
Demand Amoxicillin Fürth,2022-12-25,57
Demand Amoxicillin Fürth,2022-12-26,90
Demand Amoxicillin Fürth,2022-12-27,84
Demand Amoxicillin Fürth,2022-12-28,70
Demand Amoxicillin Fürth,2022-12-29,81
Demand Amoxicillin Fürth,2022-12-30,90
Demand Amoxicillin Fürth,2022-12-31,59
Demand Amoxicillin Fürth,2023-01-01,54
Demand Amoxicillin Fürth,2023-01-02,73
Demand Amoxicillin Fürth,2023-01-03,82
Demand Amoxicillin Fürth,2023-01-04,79
Demand Amoxicillin Fürth,2023-01-05,81
Demand Amoxicillin Fürth,2023-01-06,59
Demand Amoxicillin Fürth,2023-01-07,83
Demand Amoxicillin Fürth,2023-01-08,39
Demand Amoxicillin Fürth,2023-01-09,74
Demand Amoxicillin Fürth,2023-01-10,36
Demand Amoxicillin Fürth,2023-01-11,58
Demand Amoxicillin Fürth,2023-01-12,61
Demand Amoxicillin Fürth,2023-01-13,63
Demand Amoxicillin Fürth,2023-01-14,84
Demand Amoxicillin Fürth,2023-01-15,63
Demand Amoxicillin Fürth,2023-01-16,75
Demand Amoxicillin Fürth,2023-01-17,58
Demand Amoxicillin Fürth,2023-01-18,69
Demand Amoxicillin Fürth,2023-01-19,57
Demand Amoxicillin Fürth,2023-01-20,45
Demand Amoxicillin Fürth,2023-01-21,87
Demand Amoxicillin Fürth,2023-01-22,92
Demand Amoxicillin Fürth,2023-01-23,72
Demand Amoxicillin Fürth,2023-01-24,62
Demand Amoxicillin Fürth,2023-01-25,57
Demand Amoxicillin Fürth,2023-01-26,88
Demand Amoxicillin Fürth,2023-01-27,65
Demand Amoxicillin Fürth,2023-01-28,63
Demand Amoxicillin Fürth,2023-01-29,34
Demand Amoxicillin Fürth,2023-01-30,57
Demand Amoxicillin Fürth,2023-01-31,60
Demand Amoxicillin Fürth,2023-02-01,61
Demand Amoxicillin Fürth,2023-02-02,73
Demand Amoxicillin Fürth,2023-02-03,70
Demand Amoxicillin Fürth,2023-02-04,75
Demand Amoxicillin Fürth,2023-02-05,86
Demand Amoxicillin Fürth,2023-02-06,93
Demand Amoxicillin Fürth,2023-02-07,86
Demand Amoxicillin Fürth,2023-02-08,103
Demand Amoxicillin Fürth,2023-02-09,37
Demand Amoxicillin Fürth,2023-02-10,49
Demand Amoxicillin Fürth,2023-02-11,36
Demand Amoxicillin Fürth,2023-02-12,81
Demand Amoxicillin Fürth,2023-02-13,86
Demand Amoxicillin Fürth,2023-02-14,46
Demand Amoxicillin Fürth,2023-02-15,88
Demand Amoxicillin Fürth,2023-02-16,34
Demand Amoxicillin Fürth,2023-02-17,88
Demand Amoxicillin Fürth,2023-02-18,52
Demand Amoxicillin Fürth,2023-02-19,37
Demand Amoxicillin Fürth,2023-02-20,71
Demand Amoxicillin Fürth,2023-02-21,55
Demand Amoxicillin Fürth,2023-02-22,57
Demand Amoxicillin Fürth,2023-02-23,58
Demand Amoxicillin Fürth,2023-02-24,94
Demand Amoxicillin Fürth,2023-02-25,75
Demand Amoxicillin Fürth,2023-02-26,59
Demand Amoxicillin Fürth,2023-02-27,77
Demand Amoxicillin Fürth,2023-02-28,84
Demand Amoxicillin Fürth,2023-03-01,53
Demand Amoxicillin Fürth,2023-03-02,63
Demand Amoxicillin Fürth,2023-03-03,43
Demand Amoxicillin Fürth,2023-03-04,47
Demand Amoxicillin Fürth,2023-03-05,82
Demand Amoxicillin Fürth,2023-03-06,45
Demand Amoxicillin Fürth,2023-03-07,68
Demand Amoxicillin Fürth,2023-03-08,80
Demand Amoxicillin Fürth,2023-03-09,40
Demand Amoxicillin Fürth,2023-03-10,71
Demand Amoxicillin Fürth,2023-03-11,50
Demand Amoxicillin Fürth,2023-03-12,97
Demand Amoxicillin Fürth,2023-03-13,61
Demand Amoxicillin Fürth,2023-03-14,81
Demand Amoxicillin Fürth,2023-03-15,65
Demand Amoxicillin Fürth,2023-03-16,34
Demand Amoxicillin Fürth,2023-03-17,71
Demand Amoxicillin Fürth,2023-03-18,90
Demand Amoxicillin Fürth,2023-03-19,69
Demand Amoxicillin Fürth,2023-03-20,72
Demand Amoxicillin Fürth,2023-03-21,76
Demand Amoxicillin Fürth,2023-03-22,40
Demand Amoxicillin Fürth,2023-03-23,39
Demand Amoxicillin Fürth,2023-03-24,61
Demand Amoxicillin Fürth,2023-03-25,50
Demand Amoxicillin Fürth,2023-03-26,73
Demand Amoxicillin Fürth,2023-03-27,75
Demand Amoxicillin Fürth,2023-03-28,46
Demand Amoxicillin Fürth,2023-03-29,39
Demand Amoxicillin Fürth,2023-03-30,68
Demand Amoxicillin Fürth,2023-03-31,41
Demand Amoxicillin Fürth,2023-04-01,71
Demand Amoxicillin Fürth,2023-04-02,49
Demand Amoxicillin Fürth,2023-04-03,64
Demand Amoxicillin Fürth,2023-04-04,33
Demand Amoxicillin Fürth,2023-04-05,62
Demand Amoxicillin Fürth,2023-04-06,53
Demand Amoxicillin Fürth,2023-04-07,60
Demand Amoxicillin Fürth,2023-04-08,37
Demand Amoxicillin Fürth,2023-04-09,68
Demand Amoxicillin Fürth,2023-04-10,78
Demand Amoxicillin Fürth,2023-04-11,41
Demand Amoxicillin Fürth,2023-04-12,34
Demand Amoxicillin Fürth,2023-04-13,30
Demand Amoxicillin Fürth,2023-04-14,65
Demand Amoxicillin Fürth,2023-04-15,63
Demand Amoxicillin Fürth,2023-04-16,60
Demand Amoxicillin Fürth,2023-04-17,40
Demand Amoxicillin Fürth,2023-04-18,48
Demand Amoxicillin Fürth,2023-04-19,59
Demand Amoxicillin Fürth,2023-04-20,54
Demand Amoxicillin Fürth,2023-04-21,80
Demand Amoxicillin Fürth,2023-04-22,34
Demand Amoxicillin Fürth,2023-04-23,65
Demand Amoxicillin Fürth,2023-04-24,50
Demand Amoxicillin Fürth,2023-04-25,51
Demand Amoxicillin Fürth,2023-04-26,67
Demand Amoxicillin Fürth,2023-04-27,66
Demand Amoxicillin Fürth,2023-04-28,82
Demand Amoxicillin Fürth,2023-04-29,35
Demand Amoxicillin Fürth,2023-04-30,33
Demand Amoxicillin Fürth,2023-05-01,72
Demand Amoxicillin Fürth,2023-05-02,64
Demand Amoxicillin Fürth,2023-05-03,46
Demand Amoxicillin Fürth,2023-05-04,34
Demand Amoxicillin Fürth,2023-05-05,35
Demand Amoxicillin Fürth,2023-05-06,82
Demand Amoxicillin Fürth,2023-05-07,41
Demand Amoxicillin Fürth,2023-05-08,53
Demand Amoxicillin Fürth,2023-05-09,47
Demand Amoxicillin Fürth,2023-05-10,55
Demand Amoxicillin Fürth,2023-05-11,37
Demand Amoxicillin Fürth,2023-05-12,66
Demand Amoxicillin Fürth,2023-05-13,37
Demand Amoxicillin Fürth,2023-05-14,84
Demand Amoxicillin Fürth,2023-05-15,37
Demand Amoxicillin Fürth,2023-05-16,52
Demand Amoxicillin Fürth,2023-05-17,70
Demand Amoxicillin Fürth,2023-05-18,58
Demand Amoxicillin Fürth,2023-05-19,52
Demand Amoxicillin Fürth,2023-05-20,42
Demand Amoxicillin Fürth,2023-05-21,42
Demand Amoxicillin Fürth,2023-05-22,59
Demand Amoxicillin Fürth,2023-05-23,75
Demand Amoxicillin Fürth,2023-05-24,58
Demand Amoxicillin Fürth,2023-05-25,53
Demand Amoxicillin Fürth,2023-05-26,62
Demand Amoxicillin Fürth,2023-05-27,48
Demand Amoxicillin Fürth,2023-05-28,28
Demand Amoxicillin Fürth,2023-05-29,53
Demand Amoxicillin Fürth,2023-05-30,73
Demand Amoxicillin Fürth,2023-05-31,34
Demand Amoxicillin Fürth,2023-06-01,59
Demand Amoxicillin Fürth,2023-06-02,35
Demand Amoxicillin Fürth,2023-06-03,52
Demand Amoxicillin Fürth,2023-06-04,30
Demand Amoxicillin Fürth,2023-06-05,50
Demand Amoxicillin Fürth,2023-06-06,66
Demand Amoxicillin Fürth,2023-06-07,45
Demand Amoxicillin Fürth,2023-06-08,61
Demand Amoxicillin Fürth,2023-06-09,68
Demand Amoxicillin Fürth,2023-06-10,75
Demand Amoxicillin Fürth,2023-06-11,39
Demand Amoxicillin Fürth,2023-06-12,40
Demand Amoxicillin Fürth,2023-06-13,29
Demand Amoxicillin Fürth,2023-06-14,66
Demand Amoxicillin Fürth,2023-06-15,63
Demand Amoxicillin Fürth,2023-06-16,46
Demand Amoxicillin Fürth,2023-06-17,59
Demand Amoxicillin Fürth,2023-06-18,45
Demand Amoxicillin Fürth,2023-06-19,47
Demand Amoxicillin Fürth,2023-06-20,25
Demand Amoxicillin Fürth,2023-06-21,52
Demand Amoxicillin Fürth,2023-06-22,26
Demand Amoxicillin Fürth,2023-06-23,55
Demand Amoxicillin Fürth,2023-06-24,54
Demand Amoxicillin Fürth,2023-06-25,51
Demand Amoxicillin Fürth,2023-06-26,27
Demand Amoxicillin Fürth,2023-06-27,40
Demand Amoxicillin Fürth,2023-06-28,38
Demand Amoxicillin Fürth,2023-06-29,43
Demand Amoxicillin Fürth,2023-06-30,29
Demand Amoxicillin Fürth,2023-07-01,72
Demand Amoxicillin Fürth,2023-07-02,53
Demand Amoxicillin Fürth,2023-07-03,38
Demand Amoxicillin Fürth,2023-07-04,43
Demand Amoxicillin Fürth,2023-07-05,45
Demand Amoxicillin Fürth,2023-07-06,52
Demand Amoxicillin Fürth,2023-07-07,48
Demand Amoxicillin Fürth,2023-07-08,67
Demand Amoxicillin Fürth,2023-07-09,47
Demand Amoxicillin Fürth,2023-07-10,60
Demand Amoxicillin Fürth,2023-07-11,54
Demand Amoxicillin Fürth,2023-07-12,29
Demand Amoxicillin Fürth,2023-07-13,58
Demand Amoxicillin Fürth,2023-07-14,25
Demand Amoxicillin Fürth,2023-07-15,53
Demand Amoxicillin Fürth,2023-07-16,35
Demand Amoxicillin Fürth,2023-07-17,61
Demand Amoxicillin Fürth,2023-07-18,61
Demand Amoxicillin Fürth,2023-07-19,58
Demand Amoxicillin Fürth,2023-07-20,57
Demand Amoxicillin Fürth,2023-07-21,36
Demand Amoxicillin Fürth,2023-07-22,26
Demand Amoxicillin Fürth,2023-07-23,40
Demand Amoxicillin Fürth,2023-07-24,31
Demand Amoxicillin Fürth,2023-07-25,55
Demand Amoxicillin Fürth,2023-07-26,39
Demand Amoxicillin Fürth,2023-07-27,68
Demand Amoxicillin Fürth,2023-07-28,52
Demand Amoxicillin Fürth,2023-07-29,61
Demand Amoxicillin Fürth,2023-07-30,29
Demand Amoxicillin Fürth,2023-07-31,57
Demand Amoxicillin Fürth,2023-08-01,59
Demand Amoxicillin Fürth,2023-08-02,41
Demand Amoxicillin Fürth,2023-08-03,46
Demand Amoxicillin Fürth,2023-08-04,53
Demand Amoxicillin Fürth,2023-08-05,28
Demand Amoxicillin Fürth,2023-08-06,42
Demand Amoxicillin Fürth,2023-08-07,50
Demand Amoxicillin Fürth,2023-08-08,36
Demand Amoxicillin Fürth,2023-08-09,48
Demand Amoxicillin Fürth,2023-08-10,31
Demand Amoxicillin Fürth,2023-08-11,29
Demand Amoxicillin Fürth,2023-08-12,35
Demand Amoxicillin Fürth,2023-08-13,81
Demand Amoxicillin Fürth,2023-08-14,48
Demand Amoxicillin Fürth,2023-08-15,67
Demand Amoxicillin Fürth,2023-08-16,42
Demand Amoxicillin Fürth,2023-08-17,37
Demand Amoxicillin Fürth,2023-08-18,46
Demand Amoxicillin Fürth,2023-08-19,43
Demand Amoxicillin Fürth,2023-08-20,27
Demand Amoxicillin Fürth,2023-08-21,59
Demand Amoxicillin Fürth,2023-08-22,37
Demand Amoxicillin Fürth,2023-08-23,58
Demand Amoxicillin Fürth,2023-08-24,59
Demand Amoxicillin Fürth,2023-08-25,34
Demand Amoxicillin Fürth,2023-08-26,29
Demand Amoxicillin Fürth,2023-08-27,66
Demand Amoxicillin Fürth,2023-08-28,52
Demand Amoxicillin Fürth,2023-08-29,30
Demand Amoxicillin Fürth,2023-08-30,81
Demand Amoxicillin Fürth,2023-08-31,30
Demand Amoxicillin Fürth,2023-09-01,65
Demand Amoxicillin Fürth,2023-09-02,81
Demand Amoxicillin Fürth,2023-09-03,40
Demand Amoxicillin Fürth,2023-09-04,44
Demand Amoxicillin Fürth,2023-09-05,43
Demand Amoxicillin Fürth,2023-09-06,55
Demand Amoxicillin Fürth,2023-09-07,41
Demand Amoxicillin Fürth,2023-09-08,82
Demand Amoxicillin Fürth,2023-09-09,39
Demand Amoxicillin Fürth,2023-09-10,69
Demand Amoxicillin Fürth,2023-09-11,66
Demand Amoxicillin Fürth,2023-09-12,58
Demand Amoxicillin Fürth,2023-09-13,49
Demand Amoxicillin Fürth,2023-09-14,35
Demand Amoxicillin Fürth,2023-09-15,49
Demand Amoxicillin Fürth,2023-09-16,45
Demand Amoxicillin Fürth,2023-09-17,41
Demand Amoxicillin Fürth,2023-09-18,36
Demand Amoxicillin Fürth,2023-09-19,79
Demand Amoxicillin Fürth,2023-09-20,54
Demand Amoxicillin Fürth,2023-09-21,40
Demand Amoxicillin Fürth,2023-09-22,50
Demand Amoxicillin Fürth,2023-09-23,52
Demand Amoxicillin Fürth,2023-09-24,76
Demand Amoxicillin Fürth,2023-09-25,80
Demand Amoxicillin Fürth,2023-09-26,82
Demand Amoxicillin Fürth,2023-09-27,33
Demand Amoxicillin Fürth,2023-09-28,59
Demand Amoxicillin Fürth,2023-09-29,63
Demand Amoxicillin Fürth,2023-09-30,34
Demand Amoxicillin Fürth,2023-10-01,49
Demand Amoxicillin Fürth,2023-10-02,75
Demand Amoxicillin Fürth,2023-10-03,38
Demand Amoxicillin Fürth,2023-10-04,61
Demand Amoxicillin Fürth,2023-10-05,42
Demand Amoxicillin Fürth,2023-10-06,30
Demand Amoxicillin Fürth,2023-10-07,44
Demand Amoxicillin Fürth,2023-10-08,87
Demand Amoxicillin Fürth,2023-10-09,69
Demand Amoxicillin Fürth,2023-10-10,78
Demand Amoxicillin Fürth,2023-10-11,53
Demand Amoxicillin Fürth,2023-10-12,33
Demand Amoxicillin Fürth,2023-10-13,56
Demand Amoxicillin Fürth,2023-10-14,51
Demand Amoxicillin Fürth,2023-10-15,72
Demand Amoxicillin Fürth,2023-10-16,41
Demand Amoxicillin Fürth,2023-10-17,67
Demand Amoxicillin Fürth,2023-10-18,44
Demand Amoxicillin Fürth,2023-10-19,56
Demand Amoxicillin Fürth,2023-10-20,84
Demand Amoxicillin Fürth,2023-10-21,66
Demand Amoxicillin Fürth,2023-10-22,59
Demand Amoxicillin Fürth,2023-10-23,44
Demand Amoxicillin Fürth,2023-10-24,47
Demand Amoxicillin Fürth,2023-10-25,63
Demand Amoxicillin Fürth,2023-10-26,68
Demand Amoxicillin Fürth,2023-10-27,71
Demand Amoxicillin Fürth,2023-10-28,63
Demand Amoxicillin Fürth,2023-10-29,40
Demand Amoxicillin Fürth,2023-10-30,73
Demand Amoxicillin Fürth,2023-10-31,58
Demand Amoxicillin Fürth,2023-11-01,47
Demand Amoxicillin Fürth,2023-11-02,83
Demand Amoxicillin Fürth,2023-11-03,33
Demand Amoxicillin Fürth,2023-11-04,87
Demand Amoxicillin Fürth,2023-11-05,59
Demand Amoxicillin Fürth,2023-11-06,68
Demand Amoxicillin Fürth,2023-11-07,70
Demand Amoxicillin Fürth,2023-11-08,84
Demand Amoxicillin Fürth,2023-11-09,68
Demand Amoxicillin Fürth,2023-11-10,67
Demand Amoxicillin Fürth,2023-11-11,34
Demand Amoxicillin Fürth,2023-11-12,61
Demand Amoxicillin Fürth,2023-11-13,48
Demand Amoxicillin Fürth,2023-11-14,91
Demand Amoxicillin Fürth,2023-11-15,74
Demand Amoxicillin Fürth,2023-11-16,87
Demand Amoxicillin Fürth,2023-11-17,40
Demand Amoxicillin Fürth,2023-11-18,43
Demand Amoxicillin Fürth,2023-11-19,89
Demand Amoxicillin Fürth,2023-11-20,46
Demand Amoxicillin Fürth,2023-11-21,46
Demand Amoxicillin Fürth,2023-11-22,41
Demand Amoxicillin Fürth,2023-11-23,116
Demand Amoxicillin Fürth,2023-11-24,99
Demand Amoxicillin Fürth,2023-11-25,68
Demand Amoxicillin Fürth,2023-11-26,63
Demand Amoxicillin Fürth,2023-11-27,56
Demand Amoxicillin Fürth,2023-11-28,84
Demand Amoxicillin Fürth,2023-11-29,77
Demand Amoxicillin Fürth,2023-11-30,45
Demand Amoxicillin Fürth,2023-12-01,44
Demand Amoxicillin Fürth,2023-12-02,39
Demand Amoxicillin Fürth,2023-12-03,76
Demand Amoxicillin Fürth,2023-12-04,83
Demand Amoxicillin Fürth,2023-12-05,50
Demand Amoxicillin Fürth,2023-12-06,34
Demand Amoxicillin Fürth,2023-12-07,38
Demand Amoxicillin Fürth,2023-12-08,96
Demand Amoxicillin Fürth,2023-12-09,52
Demand Amoxicillin Fürth,2023-12-10,83
Demand Amoxicillin Fürth,2023-12-11,78
Demand Amoxicillin Fürth,2023-12-12,61
Demand Amoxicillin Fürth,2023-12-13,49
Demand Amoxicillin Fürth,2023-12-14,43
Demand Amoxicillin Fürth,2023-12-15,77
Demand Amoxicillin Fürth,2023-12-16,89
Demand Amoxicillin Fürth,2023-12-17,79
Demand Amoxicillin Fürth,2023-12-18,66
Demand Amoxicillin Fürth,2023-12-19,35
Demand Amoxicillin Fürth,2023-12-20,94
Demand Amoxicillin Fürth,2023-12-21,83
Demand Amoxicillin Fürth,2023-12-22,51
Demand Amoxicillin Fürth,2023-12-23,95
Demand Amoxicillin Fürth,2023-12-24,71
Demand Amoxicillin Fürth,2023-12-25,70
Demand Amoxicillin Fürth,2023-12-26,80
Demand Amoxicillin Fürth,2023-12-27,85
Demand Amoxicillin Fürth,2023-12-28,75
Demand Amoxicillin Fürth,2023-12-29,40
Demand Amoxicillin Fürth,2023-12-30,54
Demand Amoxicillin Fürth,2023-12-31,92
Demand Amoxicillin Fürth,2024-01-01,62
Demand Amoxicillin Fürth,2024-01-02,75
Demand Amoxicillin Fürth,2024-01-03,80
Demand Amoxicillin Fürth,2024-01-04,80
Demand Amoxicillin Fürth,2024-01-05,95
Demand Amoxicillin Fürth,2024-01-06,124
Demand Amoxicillin Fürth,2024-01-07,63
Demand Amoxicillin Fürth,2024-01-08,41
Demand Amoxicillin Fürth,2024-01-09,46
Demand Amoxicillin Fürth,2024-01-10,91
Demand Amoxicillin Fürth,2024-01-11,76
Demand Amoxicillin Fürth,2024-01-12,52
Demand Amoxicillin Fürth,2024-01-13,87
Demand Amoxicillin Fürth,2024-01-14,90
Demand Amoxicillin Fürth,2024-01-15,80
Demand Amoxicillin Fürth,2024-01-16,84
Demand Amoxicillin Fürth,2024-01-17,45
Demand Amoxicillin Fürth,2024-01-18,75
Demand Amoxicillin Fürth,2024-01-19,57
Demand Amoxicillin Fürth,2024-01-20,80
Demand Amoxicillin Fürth,2024-01-21,73
Demand Amoxicillin Fürth,2024-01-22,82
Demand Amoxicillin Fürth,2024-01-23,74
Demand Amoxicillin Fürth,2024-01-24,43
Demand Amoxicillin Fürth,2024-01-25,67
Demand Amoxicillin Fürth,2024-01-26,95
Demand Amoxicillin Fürth,2024-01-27,92
Demand Amoxicillin Fürth,2024-01-28,35
Demand Amoxicillin Fürth,2024-01-29,46
Demand Amoxicillin Fürth,2024-01-30,44
Demand Amoxicillin Fürth,2024-01-31,85
Demand Amoxicillin Fürth,2024-02-01,91
Demand Amoxicillin Fürth,2024-02-02,49
Demand Amoxicillin Fürth,2024-02-03,69
Demand Amoxicillin Fürth,2024-02-04,92
Demand Amoxicillin Fürth,2024-02-05,74
Demand Amoxicillin Fürth,2024-02-06,63
Demand Amoxicillin Fürth,2024-02-07,66
Demand Amoxicillin Fürth,2024-02-08,61
Demand Amoxicillin Fürth,2024-02-09,48
Demand Amoxicillin Fürth,2024-02-10,64
Demand Amoxicillin Fürth,2024-02-11,72
Demand Amoxicillin Fürth,2024-02-12,97
Demand Amoxicillin Fürth,2024-02-13,80
Demand Amoxicillin Fürth,2024-02-14,89
Demand Amoxicillin Fürth,2024-02-15,47
Demand Amoxicillin Fürth,2024-02-16,68
Demand Amoxicillin Fürth,2024-02-17,36
Demand Amoxicillin Fürth,2024-02-18,53
Demand Amoxicillin Fürth,2024-02-19,72
Demand Amoxicillin Fürth,2024-02-20,87
Demand Amoxicillin Fürth,2024-02-21,35
Demand Amoxicillin Fürth,2024-02-22,53
Demand Amoxicillin Fürth,2024-02-23,76
Demand Amoxicillin Fürth,2024-02-24,41
Demand Amoxicillin Fürth,2024-02-25,62
Demand Amoxicillin Fürth,2024-02-26,79
Demand Amoxicillin Fürth,2024-02-27,72
Demand Amoxicillin Fürth,2024-02-28,44
Demand Amoxicillin Fürth,2024-02-29,55
Demand Amoxicillin Fürth,2024-03-01,82
Demand Amoxicillin Fürth,2024-03-02,68
Demand Amoxicillin Fürth,2024-03-03,32
Demand Amoxicillin Fürth,2024-03-04,77
Demand Amoxicillin Fürth,2024-03-05,33
Demand Amoxicillin Fürth,2024-03-06,76
Demand Amoxicillin Fürth,2024-03-07,43
Demand Amoxicillin Fürth,2024-03-08,89
Demand Amoxicillin Fürth,2024-03-09,53
Demand Amoxicillin Fürth,2024-03-10,50
Demand Amoxicillin Fürth,2024-03-11,38
Demand Amoxicillin Fürth,2024-03-12,47
Demand Amoxicillin Fürth,2024-03-13,80
Demand Amoxicillin Fürth,2024-03-14,87
Demand Amoxicillin Fürth,2024-03-15,50
Demand Amoxicillin Fürth,2024-03-16,55
Demand Amoxicillin Fürth,2024-03-17,71
Demand Amoxicillin Fürth,2024-03-18,92
Demand Amoxicillin Fürth,2024-03-19,73
Demand Amoxicillin Fürth,2024-03-20,59
Demand Amoxicillin Fürth,2024-03-21,61
Demand Amoxicillin Fürth,2024-03-22,80
Demand Amoxicillin Fürth,2024-03-23,34
Demand Amoxicillin Fürth,2024-03-24,75
Demand Amoxicillin Fürth,2024-03-25,47
Demand Amoxicillin Fürth,2024-03-26,72
Demand Amoxicillin Fürth,2024-03-27,33
Demand Amoxicillin Fürth,2024-03-28,60
Demand Amoxicillin Fürth,2024-03-29,54
Demand Amoxicillin Fürth,2024-03-30,63
Demand Amoxicillin Fürth,2024-03-31,31
Demand Amoxicillin Fürth,2024-04-01,59
Demand Amoxicillin Fürth,2024-04-02,58
Demand Amoxicillin Fürth,2024-04-03,58
Demand Amoxicillin Fürth,2024-04-04,61
Demand Amoxicillin Fürth,2024-04-05,65
Demand Amoxicillin Fürth,2024-04-06,72
Demand Amoxicillin Fürth,2024-04-07,42
Demand Amoxicillin Fürth,2024-04-08,68
Demand Amoxicillin Fürth,2024-04-09,51
Demand Amoxicillin Fürth,2024-04-10,30
Demand Amoxicillin Fürth,2024-04-11,29
Demand Amoxicillin Fürth,2024-04-12,43
Demand Amoxicillin Fürth,2024-04-13,66
Demand Amoxicillin Fürth,2024-04-14,62
Demand Amoxicillin Fürth,2024-04-15,77
Demand Amoxicillin Fürth,2024-04-16,60
Demand Amoxicillin Fürth,2024-04-17,56
Demand Amoxicillin Fürth,2024-04-18,38
Demand Amoxicillin Fürth,2024-04-19,49
Demand Amoxicillin Fürth,2024-04-20,55
Demand Amoxicillin Fürth,2024-04-21,35
Demand Amoxicillin Fürth,2024-04-22,36
Demand Amoxicillin Fürth,2024-04-23,55
Demand Amoxicillin Fürth,2024-04-24,62
Demand Amoxicillin Fürth,2024-04-25,75
Demand Amoxicillin Fürth,2024-04-26,72
Demand Amoxicillin Fürth,2024-04-27,57
Demand Amoxicillin Fürth,2024-04-28,46
Demand Amoxicillin Fürth,2024-04-29,58
Demand Amoxicillin Fürth,2024-04-30,65
Demand Amoxicillin Fürth,2024-05-01,31
Demand Amoxicillin Fürth,2024-05-02,46
Demand Amoxicillin Fürth,2024-05-03,68
Demand Amoxicillin Fürth,2024-05-04,45
Demand Amoxicillin Fürth,2024-05-05,54
Demand Amoxicillin Fürth,2024-05-06,62
Demand Amoxicillin Fürth,2024-05-07,39
Demand Amoxicillin Fürth,2024-05-08,49
Demand Amoxicillin Fürth,2024-05-09,47
Demand Amoxicillin Fürth,2024-05-10,30
Demand Amoxicillin Fürth,2024-05-11,30
Demand Amoxicillin Fürth,2024-05-12,76
Demand Amoxicillin Fürth,2024-05-13,37
Demand Amoxicillin Fürth,2024-05-14,48
Demand Amoxicillin Fürth,2024-05-15,38
Demand Amoxicillin Fürth,2024-05-16,68
Demand Amoxicillin Fürth,2024-05-17,36
Demand Amoxicillin Fürth,2024-05-18,44
Demand Amoxicillin Fürth,2024-05-19,65
Demand Amoxicillin Fürth,2024-05-20,75
Demand Amoxicillin Fürth,2024-05-21,39
Demand Amoxicillin Fürth,2024-05-22,73
Demand Amoxicillin Fürth,2024-05-23,54
Demand Amoxicillin Fürth,2024-05-24,55
Demand Amoxicillin Fürth,2024-05-25,36
Demand Amoxicillin Fürth,2024-05-26,33
Demand Amoxicillin Fürth,2024-05-27,54
Demand Amoxicillin Fürth,2024-05-28,43
Demand Amoxicillin Fürth,2024-05-29,41
Demand Amoxicillin Fürth,2024-05-30,54
Demand Amoxicillin Fürth,2024-05-31,55
Demand Amoxicillin Fürth,2024-06-01,29
Demand Amoxicillin Fürth,2024-06-02,48
Demand Amoxicillin Fürth,2024-06-03,34
Demand Amoxicillin Fürth,2024-06-04,67
Demand Amoxicillin Fürth,2024-06-05,62
Demand Amoxicillin Fürth,2024-06-06,78
Demand Amoxicillin Fürth,2024-06-07,30
Demand Amoxicillin Fürth,2024-06-08,30
Demand Amoxicillin Fürth,2024-06-09,42
Demand Amoxicillin Fürth,2024-06-10,39
Demand Amoxicillin Fürth,2024-06-11,38
Demand Amoxicillin Fürth,2024-06-12,71
Demand Amoxicillin Fürth,2024-06-13,38
Demand Amoxicillin Fürth,2024-06-14,39
Demand Amoxicillin Fürth,2024-06-15,64
Demand Amoxicillin Fürth,2024-06-16,48
Demand Amoxicillin Fürth,2024-06-17,68
Demand Amoxicillin Fürth,2024-06-18,30
Demand Amoxicillin Fürth,2024-06-19,52
Demand Amoxicillin Fürth,2024-06-20,28
Demand Amoxicillin Fürth,2024-06-21,30
Demand Amoxicillin Fürth,2024-06-22,74
Demand Amoxicillin Fürth,2024-06-23,34
Demand Amoxicillin Fürth,2024-06-24,54
Demand Amoxicillin Fürth,2024-06-25,48
Demand Amoxicillin Fürth,2024-06-26,44
Demand Amoxicillin Fürth,2024-06-27,73
Demand Amoxicillin Fürth,2024-06-28,27
Demand Amoxicillin Fürth,2024-06-29,61
Demand Amoxicillin Fürth,2024-06-30,77
Demand Amoxicillin Fürth,2024-07-01,49
Demand Amoxicillin Fürth,2024-07-02,67
Demand Amoxicillin Fürth,2024-07-03,26
Demand Amoxicillin Fürth,2024-07-04,43
Demand Amoxicillin Fürth,2024-07-05,35
Demand Amoxicillin Fürth,2024-07-06,57
Demand Amoxicillin Fürth,2024-07-07,69
Demand Amoxicillin Fürth,2024-07-08,28
Demand Amoxicillin Fürth,2024-07-09,43
Demand Amoxicillin Fürth,2024-07-10,26
Demand Amoxicillin Fürth,2024-07-11,40
Demand Amoxicillin Fürth,2024-07-12,36
Demand Amoxicillin Fürth,2024-07-13,55
Demand Amoxicillin Fürth,2024-07-14,41
Demand Amoxicillin Fürth,2024-07-15,46
Demand Amoxicillin Fürth,2024-07-16,33
Demand Amoxicillin Fürth,2024-07-17,35
Demand Amoxicillin Fürth,2024-07-18,40
Demand Amoxicillin Fürth,2024-07-19,41
Demand Amoxicillin Fürth,2024-07-20,74
Demand Amoxicillin Fürth,2024-07-21,58
Demand Amoxicillin Fürth,2024-07-22,45
Demand Amoxicillin Fürth,2024-07-23,27
Demand Amoxicillin Fürth,2024-07-24,60
Demand Amoxicillin Fürth,2024-07-25,53
Demand Amoxicillin Fürth,2024-07-26,25
Demand Amoxicillin Fürth,2024-07-27,53
Demand Amoxicillin Fürth,2024-07-28,46
Demand Amoxicillin Fürth,2024-07-29,28
Demand Amoxicillin Fürth,2024-07-30,47
Demand Amoxicillin Fürth,2024-07-31,48
Demand Amoxicillin Fürth,2024-08-01,32
Demand Amoxicillin Fürth,2024-08-02,71
Demand Amoxicillin Fürth,2024-08-03,66
Demand Amoxicillin Fürth,2024-08-04,57
Demand Amoxicillin Fürth,2024-08-05,43
Demand Amoxicillin Fürth,2024-08-06,41
Demand Amoxicillin Fürth,2024-08-07,52
Demand Amoxicillin Fürth,2024-08-08,47
Demand Amoxicillin Fürth,2024-08-09,25
Demand Amoxicillin Fürth,2024-08-10,45
Demand Amoxicillin Fürth,2024-08-11,59
Demand Amoxicillin Fürth,2024-08-12,57
Demand Amoxicillin Fürth,2024-08-13,33
Demand Amoxicillin Fürth,2024-08-14,77
Demand Amoxicillin Fürth,2024-08-15,42
Demand Amoxicillin Fürth,2024-08-16,45
Demand Amoxicillin Fürth,2024-08-17,40
Demand Amoxicillin Fürth,2024-08-18,50
Demand Amoxicillin Fürth,2024-08-19,59
Demand Amoxicillin Fürth,2024-08-20,48
Demand Amoxicillin Fürth,2024-08-21,33
Demand Amoxicillin Fürth,2024-08-22,64
Demand Amoxicillin Fürth,2024-08-23,64
Demand Amoxicillin Fürth,2024-08-24,64
Demand Amoxicillin Fürth,2024-08-25,34
Demand Amoxicillin Fürth,2024-08-26,51
Demand Amoxicillin Fürth,2024-08-27,79
Demand Amoxicillin Fürth,2024-08-28,68
Demand Amoxicillin Fürth,2024-08-29,28
Demand Amoxicillin Fürth,2024-08-30,30
Demand Amoxicillin Fürth,2024-08-31,51
Demand Amoxicillin Fürth,2024-09-01,75
Demand Amoxicillin Fürth,2024-09-02,48
Demand Amoxicillin Fürth,2024-09-03,46
Demand Amoxicillin Fürth,2024-09-04,28
Demand Amoxicillin Fürth,2024-09-05,54
Demand Amoxicillin Fürth,2024-09-06,61
Demand Amoxicillin Fürth,2024-09-07,41
Demand Amoxicillin Fürth,2024-09-08,59
Demand Amoxicillin Fürth,2024-09-09,72
Demand Amoxicillin Fürth,2024-09-10,34
Demand Amoxicillin Fürth,2024-09-11,50
Demand Amoxicillin Fürth,2024-09-12,38
Demand Amoxicillin Fürth,2024-09-13,63
Demand Amoxicillin Fürth,2024-09-14,53
Demand Amoxicillin Fürth,2024-09-15,55
Demand Amoxicillin Fürth,2024-09-16,62
Demand Amoxicillin Fürth,2024-09-17,43
Demand Amoxicillin Fürth,2024-09-18,67
Demand Amoxicillin Fürth,2024-09-19,49
Demand Amoxicillin Fürth,2024-09-20,31
Demand Amoxicillin Fürth,2024-09-21,57
Demand Amoxicillin Fürth,2024-09-22,62
Demand Amoxicillin Fürth,2024-09-23,43
Demand Amoxicillin Fürth,2024-09-24,71
Demand Amoxicillin Fürth,2024-09-25,73
Demand Amoxicillin Fürth,2024-09-26,40
Demand Amoxicillin Fürth,2024-09-27,77
Demand Amoxicillin Fürth,2024-09-28,33
Demand Amoxicillin Fürth,2024-09-29,37
Demand Amoxicillin Fürth,2024-09-30,46
Demand Amoxicillin Fürth,2024-10-01,95
Demand Amoxicillin Fürth,2024-10-02,78
Demand Amoxicillin Fürth,2024-10-03,44
Demand Amoxicillin Fürth,2024-10-04,64
Demand Amoxicillin Fürth,2024-10-05,76
Demand Amoxicillin Fürth,2024-10-06,40
Demand Amoxicillin Fürth,2024-10-07,66
Demand Amoxicillin Fürth,2024-10-08,62
Demand Amoxicillin Fürth,2024-10-09,48
Demand Amoxicillin Fürth,2024-10-10,70
Demand Amoxicillin Fürth,2024-10-11,44
Demand Amoxicillin Fürth,2024-10-12,71
Demand Amoxicillin Fürth,2024-10-13,56
Demand Amoxicillin Fürth,2024-10-14,69
Demand Amoxicillin Fürth,2024-10-15,40
Demand Amoxicillin Fürth,2024-10-16,84
Demand Amoxicillin Fürth,2024-10-17,56
Demand Amoxicillin Fürth,2024-10-18,40
Demand Amoxicillin Fürth,2024-10-19,31
Demand Amoxicillin Fürth,2024-10-20,64
Demand Amoxicillin Fürth,2024-10-21,61
Demand Amoxicillin Fürth,2024-10-22,73
Demand Amoxicillin Fürth,2024-10-23,83
Demand Amoxicillin Fürth,2024-10-24,34
Demand Amoxicillin Fürth,2024-10-25,73
Demand Amoxicillin Fürth,2024-10-26,41
Demand Amoxicillin Fürth,2024-10-27,81
Demand Amoxicillin Fürth,2024-10-28,84
Demand Amoxicillin Fürth,2024-10-29,66
Demand Amoxicillin Fürth,2024-10-30,77
Demand Amoxicillin Fürth,2024-10-31,52
Demand Amoxicillin Fürth,2024-11-01,62
Demand Amoxicillin Fürth,2024-11-02,84
Demand Amoxicillin Fürth,2024-11-03,61
Demand Amoxicillin Fürth,2024-11-04,55
Demand Amoxicillin Fürth,2024-11-05,64
Demand Amoxicillin Fürth,2024-11-06,85
Demand Amoxicillin Fürth,2024-11-07,54
Demand Amoxicillin Fürth,2024-11-08,43
Demand Amoxicillin Fürth,2024-11-09,78
Demand Amoxicillin Fürth,2024-11-10,85
Demand Amoxicillin Fürth,2024-11-11,40
Demand Amoxicillin Fürth,2024-11-12,49
Demand Amoxicillin Fürth,2024-11-13,42
Demand Amoxicillin Fürth,2024-11-14,56
Demand Amoxicillin Fürth,2024-11-15,63
Demand Amoxicillin Fürth,2024-11-16,82
Demand Amoxicillin Fürth,2024-11-17,76
Demand Amoxicillin Fürth,2024-11-18,65
Demand Amoxicillin Fürth,2024-11-19,50
Demand Amoxicillin Fürth,2024-11-20,78
Demand Amoxicillin Fürth,2024-11-21,57
Demand Amoxicillin Fürth,2024-11-22,86
Demand Amoxicillin Fürth,2024-11-23,66
Demand Amoxicillin Fürth,2024-11-24,37
Demand Amoxicillin Fürth,2024-11-25,88
Demand Amoxicillin Fürth,2024-11-26,62
Demand Amoxicillin Fürth,2024-11-27,89
Demand Amoxicillin Fürth,2024-11-28,43
Demand Amoxicillin Fürth,2024-11-29,51
Demand Amoxicillin Fürth,2024-11-30,102
Demand Amoxicillin Fürth,2024-12-01,54
Demand Amoxicillin Fürth,2024-12-02,85
Demand Amoxicillin Fürth,2024-12-03,49
Demand Amoxicillin Fürth,2024-12-04,72
Demand Amoxicillin Fürth,2024-12-05,76
Demand Amoxicillin Fürth,2024-12-06,64
Demand Amoxicillin Fürth,2024-12-07,51
Demand Amoxicillin Fürth,2024-12-08,45
Demand Amoxicillin Fürth,2024-12-09,32
Demand Amoxicillin Fürth,2024-12-10,49
Demand Amoxicillin Fürth,2024-12-11,70
Demand Amoxicillin Fürth,2024-12-12,87
Demand Amoxicillin Fürth,2024-12-13,83
Demand Amoxicillin Fürth,2024-12-14,77
Demand Amoxicillin Fürth,2024-12-15,78
Demand Amoxicillin Fürth,2024-12-16,82
Demand Amoxicillin Fürth,2024-12-17,53
Demand Amoxicillin Fürth,2024-12-18,99
Demand Amoxicillin Fürth,2024-12-19,82
Demand Amoxicillin Fürth,2024-12-20,74
Demand Amoxicillin Fürth,2024-12-21,43
Demand Amoxicillin Fürth,2024-12-22,66
Demand Amoxicillin Fürth,2024-12-23,61
Demand Amoxicillin Fürth,2024-12-24,86
Demand Amoxicillin Fürth,2024-12-25,66
Demand Amoxicillin Fürth,2024-12-26,56
Demand Amoxicillin Fürth,2024-12-27,93
Demand Amoxicillin Fürth,2024-12-28,39
Demand Amoxicillin Fürth,2024-12-29,58
Demand Amoxicillin Fürth,2024-12-30,34
Demand Amoxicillin Fürth,2024-12-31,79
Demand Amoxicillin Fürth,2025-01-01,90
Demand Amoxicillin Fürth,2025-01-02,49
Demand Amoxicillin Fürth,2025-01-03,86
Demand Amoxicillin Fürth,2025-01-04,50
Demand Amoxicillin Fürth,2025-01-05,89
Demand Amoxicillin Fürth,2025-01-06,61
Demand Amoxicillin Fürth,2025-01-07,63
Demand Amoxicillin Fürth,2025-01-08,25
Demand Amoxicillin Fürth,2025-01-09,71
Demand Amoxicillin Fürth,2025-01-10,59
Demand Amoxicillin Fürth,2025-01-11,39
Demand Amoxicillin Fürth,2025-01-12,64
Demand Amoxicillin Fürth,2025-01-13,54
Demand Amoxicillin Fürth,2025-01-14,94
Demand Amoxicillin Fürth,2025-01-15,42
Demand Amoxicillin Fürth,2025-01-16,83
Demand Amoxicillin Fürth,2025-01-17,72
Demand Amoxicillin Fürth,2025-01-18,41
Demand Amoxicillin Fürth,2025-01-19,51
Demand Amoxicillin Fürth,2025-01-20,37
Demand Amoxicillin Fürth,2025-01-21,71
Demand Amoxicillin Fürth,2025-01-22,58
Demand Amoxicillin Fürth,2025-01-23,80
Demand Amoxicillin Fürth,2025-01-24,58
Demand Amoxicillin Fürth,2025-01-25,58
Demand Amoxicillin Fürth,2025-01-26,91
Demand Amoxicillin Fürth,2025-01-27,31
Demand Amoxicillin Fürth,2025-01-28,78
Demand Amoxicillin Fürth,2025-01-29,75
Demand Amoxicillin Fürth,2025-01-30,65
Demand Amoxicillin Fürth,2025-01-31,61
Demand Amoxicillin Fürth,2025-02-01,78
Demand Amoxicillin Fürth,2025-02-02,38
Demand Amoxicillin Fürth,2025-02-03,40
Demand Amoxicillin Fürth,2025-02-04,52
Demand Amoxicillin Fürth,2025-02-05,90
Demand Amoxicillin Fürth,2025-02-06,37
Demand Amoxicillin Fürth,2025-02-07,76
Demand Amoxicillin Fürth,2025-02-08,104
Demand Amoxicillin Fürth,2025-02-09,95
Demand Amoxicillin Fürth,2025-02-10,64
Demand Amoxicillin Fürth,2025-02-11,35
Demand Amoxicillin Fürth,2025-02-12,83
Demand Amoxicillin Fürth,2025-02-13,68
Demand Amoxicillin Fürth,2025-02-14,38
Demand Amoxicillin Fürth,2025-02-15,37
Demand Amoxicillin Fürth,2025-02-16,88
Demand Amoxicillin Fürth,2025-02-17,65
Demand Amoxicillin Fürth,2025-02-18,74
Demand Amoxicillin Fürth,2025-02-19,77
Demand Amoxicillin Fürth,2025-02-20,60
Demand Amoxicillin Fürth,2025-02-21,57
Demand Amoxicillin Fürth,2025-02-22,52
Demand Amoxicillin Fürth,2025-02-23,46
Demand Amoxicillin Fürth,2025-02-24,52
Demand Amoxicillin Fürth,2025-02-25,71
Demand Amoxicillin Fürth,2025-02-26,61
Demand Amoxicillin Fürth,2025-02-27,78
Demand Amoxicillin Fürth,2025-02-28,53
Demand Amoxicillin Fürth,2025-03-01,62
Demand Amoxicillin Fürth,2025-03-02,63
Demand Amoxicillin Fürth,2025-03-03,78
Demand Amoxicillin Fürth,2025-03-04,86
Demand Amoxicillin Fürth,2025-03-05,53
Demand Amoxicillin Fürth,2025-03-06,72
Demand Amoxicillin Fürth,2025-03-07,43
Demand Amoxicillin Fürth,2025-03-08,63
Demand Amoxicillin Fürth,2025-03-09,71
Demand Amoxicillin Fürth,2025-03-10,58
Demand Amoxicillin Fürth,2025-03-11,73
Demand Amoxicillin Fürth,2025-03-12,56
Demand Amoxicillin Fürth,2025-03-13,63
Demand Amoxicillin Fürth,2025-03-14,51
Demand Amoxicillin Fürth,2025-03-15,57
Demand Amoxicillin Fürth,2025-03-16,29
Demand Amoxicillin Fürth,2025-03-17,56
Demand Amoxicillin Fürth,2025-03-18,64
Demand Amoxicillin Fürth,2025-03-19,72
Demand Amoxicillin Fürth,2025-03-20,40
Demand Amoxicillin Fürth,2025-03-21,47
Demand Amoxicillin Fürth,2025-03-22,57
Demand Amoxicillin Fürth,2025-03-23,108
Demand Amoxicillin Fürth,2025-03-24,55
Demand Amoxicillin Fürth,2025-03-25,65
Demand Amoxicillin Fürth,2025-03-26,46
Demand Amoxicillin Fürth,2025-03-27,74
Demand Amoxicillin Fürth,2025-03-28,52
Demand Amoxicillin Fürth,2025-03-29,47
Demand Amoxicillin Fürth,2025-03-30,68
Demand Amoxicillin Fürth,2025-03-31,38
Demand Amoxicillin Fürth,2025-04-01,38
Demand Amoxicillin Fürth,2025-04-02,54
Demand Amoxicillin Fürth,2025-04-03,40
Demand Amoxicillin Fürth,2025-04-04,45
Demand Amoxicillin Fürth,2025-04-05,63
Demand Amoxicillin Fürth,2025-04-06,97
Demand Amoxicillin Fürth,2025-04-07,63
Demand Amoxicillin Fürth,2025-04-08,59
Demand Amoxicillin Fürth,2025-04-09,46
Demand Amoxicillin Fürth,2025-04-10,83
Demand Amoxicillin Fürth,2025-04-11,52
Demand Amoxicillin Fürth,2025-04-12,34
Demand Amoxicillin Fürth,2025-04-13,65
Demand Amoxicillin Fürth,2025-04-14,32
Demand Amoxicillin Fürth,2025-04-15,44
Demand Amoxicillin Fürth,2025-04-16,52
Demand Amoxicillin Fürth,2025-04-17,71
Demand Amoxicillin Fürth,2025-04-18,51
Demand Amoxicillin Fürth,2025-04-19,62
Demand Amoxicillin Fürth,2025-04-20,77
Demand Amoxicillin Fürth,2025-04-21,34
Demand Amoxicillin Fürth,2025-04-22,41
Demand Amoxicillin Fürth,2025-04-23,48
Demand Amoxicillin Fürth,2025-04-24,49
Demand Amoxicillin Fürth,2025-04-25,49
Demand Amoxicillin Fürth,2025-04-26,75
Demand Amoxicillin Fürth,2025-04-27,65
Demand Amoxicillin Fürth,2025-04-28,54
Demand Amoxicillin Fürth,2025-04-29,39
Demand Amoxicillin Fürth,2025-04-30,64
Demand Amoxicillin Fürth,2025-05-01,70
Demand Amoxicillin Fürth,2025-05-02,64
Demand Amoxicillin Fürth,2025-05-03,24
Demand Amoxicillin Fürth,2025-05-04,55
Demand Amoxicillin Fürth,2025-05-05,34
Demand Amoxicillin Fürth,2025-05-06,47
Demand Amoxicillin Fürth,2025-05-07,35
Demand Amoxicillin Fürth,2025-05-08,69
Demand Amoxicillin Fürth,2025-05-09,74
Demand Amoxicillin Fürth,2025-05-10,38
Demand Amoxicillin Fürth,2025-05-11,55
Demand Amoxicillin Fürth,2025-05-12,59
Demand Amoxicillin Fürth,2025-05-13,54
Demand Amoxicillin Fürth,2025-05-14,39
Demand Amoxicillin Fürth,2025-05-15,57
Demand Amoxicillin Fürth,2025-05-16,78
Demand Amoxicillin Fürth,2025-05-17,35
Demand Amoxicillin Fürth,2025-05-18,36
Demand Amoxicillin Fürth,2025-05-19,44
Demand Amoxicillin Fürth,2025-05-20,74
Demand Amoxicillin Fürth,2025-05-21,60
Demand Amoxicillin Fürth,2025-05-22,61
Demand Amoxicillin Fürth,2025-05-23,44
Demand Amoxicillin Fürth,2025-05-24,56
Demand Amoxicillin Fürth,2025-05-25,26
Demand Amoxicillin Fürth,2025-05-26,53
Demand Amoxicillin Fürth,2025-05-27,66
Demand Amoxicillin Fürth,2025-05-28,52
Demand Amoxicillin Fürth,2025-05-29,64
Demand Amoxicillin Fürth,2025-05-30,57
Demand Amoxicillin Fürth,2025-05-31,29
Demand Amoxicillin Fürth,2025-06-01,65
Demand Amoxicillin Fürth,2025-06-02,32
Demand Amoxicillin Fürth,2025-06-03,59
Demand Amoxicillin Fürth,2025-06-04,36
Demand Amoxicillin Fürth,2025-06-05,29
Demand Amoxicillin Fürth,2025-06-06,52
Demand Amoxicillin Fürth,2025-06-07,45
Demand Amoxicillin Fürth,2025-06-08,56
Demand Amoxicillin Fürth,2025-06-09,65
Demand Amoxicillin Fürth,2025-06-10,33
Demand Amoxicillin Fürth,2025-06-11,37
Demand Amoxicillin Fürth,2025-06-12,63
Demand Amoxicillin Fürth,2025-06-13,51
Demand Amoxicillin Fürth,2025-06-14,74
Demand Amoxicillin Fürth,2025-06-15,69
Demand Amoxicillin Fürth,2025-06-16,51
Demand Amoxicillin Fürth,2025-06-17,45
Demand Amoxicillin Fürth,2025-06-18,35
Demand Amoxicillin Fürth,2025-06-19,45
Demand Amoxicillin Fürth,2025-06-20,30
Demand Amoxicillin Fürth,2025-06-21,31
Demand Amoxicillin Fürth,2025-06-22,49
Demand Amoxicillin Fürth,2025-06-23,39
Demand Amoxicillin Fürth,2025-06-24,53
Demand Amoxicillin Fürth,2025-06-25,54
Demand Amoxicillin Fürth,2025-06-26,55
Demand Amoxicillin Fürth,2025-06-27,58
Demand Amoxicillin Fürth,2025-06-28,38
Demand Amoxicillin Fürth,2025-06-29,33
Demand Amoxicillin Fürth,2025-06-30,54
Demand Amoxicillin Fürth,2025-07-01,43
Demand Amoxicillin Fürth,2025-07-02,55
Demand Amoxicillin Fürth,2025-07-03,60
Demand Amoxicillin Fürth,2025-07-04,59
Demand Amoxicillin Fürth,2025-07-05,44
Demand Amoxicillin Fürth,2025-07-06,33
Demand Amoxicillin Fürth,2025-07-07,50
Demand Amoxicillin Fürth,2025-07-08,35
Demand Amoxicillin Fürth,2025-07-09,75
Demand Amoxicillin Fürth,2025-07-10,46
Demand Amoxicillin Fürth,2025-07-11,35
Demand Amoxicillin Fürth,2025-07-12,28
Demand Amoxicillin Fürth,2025-07-13,62
Demand Amoxicillin Fürth,2025-07-14,54
Demand Amoxicillin Fürth,2025-07-15,40
Demand Amoxicillin Fürth,2025-07-16,27
Demand Amoxicillin Fürth,2025-07-17,43
Demand Amoxicillin Fürth,2025-07-18,38
Demand Amoxicillin Fürth,2025-07-19,56
Demand Amoxicillin Fürth,2025-07-20,52
Demand Amoxicillin Fürth,2025-07-21,41
Demand Amoxicillin Fürth,2025-07-22,34
Demand Amoxicillin Fürth,2025-07-23,70
Demand Amoxicillin Fürth,2025-07-24,45
Demand Amoxicillin Fürth,2025-07-25,56
Demand Amoxicillin Fürth,2025-07-26,30
Demand Amoxicillin Fürth,2025-07-27,46
